slug,brand_name,total_reports,flag_reason
aspirin-325,ASPIRIN 325,507144,all generic words
aspirin-81,ASPIRIN 81,507144,all generic words
low-dose-aspirin-enteric-safety-coated,LOW DOSE ASPIRIN ENTERIC SAFETY COATED,501638,long name: 6 words
low-dose-aspirin,LOW DOSE ASPIRIN,501638,all generic words
aspirin-low-dose,ASPIRIN LOW DOSE,501116,all generic words
aspirin-enteric-coated,ASPIRIN ENTERIC COATED,500733,all generic words
aspirina-caplets,ASPIRINA CAPLETS,500658,"form word: ""caplets"""
aspirin-regular-strength,ASPIRIN REGULAR STRENGTH,500646,"retail phrase: ""regular strength"" | all generic words"
aspirin-chewable,ASPIRIN CHEWABLE,500640,"form word: ""chewable"" | all generic words"
aspirin,ASPIRIN,500610,all generic words
enteric-aspirin,ENTERIC ASPIRIN,500179,all generic words
enteric-coated-aspirin,ENTERIC COATED ASPIRIN,500148,all generic words
enteric-coated-aspirin-regular-strength,ENTERIC COATED ASPIRIN REGULAR STRENGTH,500148,"retail phrase: ""regular strength"" | long name: 5 words | all generic words"
childrens-aspirin,CHILDRENS ASPIRIN,500096,"retail phrase: ""childrens"" | all generic words"
coated-aspirin,COATED ASPIRIN,500042,all generic words
buffered-aspirin,BUFFERED ASPIRIN,499999,all generic words
adult-low-dose-aspirin,ADULT LOW DOSE ASPIRIN,499994,all generic words
equate-aspirin-chewable,EQUATE ASPIRIN CHEWABLE,499985,"form word: ""chewable"""
chewable-aspirin,CHEWABLE ASPIRIN,499974,"form word: ""chewable"" | all generic words"
bayer-aspirin-regimen-chewable-low-dose-aspirin-orange,BAYER ASPIRIN REGIMEN CHEWABLE LOW DOSE ASPIRIN ORANGE,499967,"form word: ""chewable"" | long name: 8 words"
bayer-aspirin-regimen-enteric-coated,BAYER ASPIRIN REGIMEN ENTERIC COATED,499960,long name: 5 words
aspirin-low-strength,ASPIRIN LOW STRENGTH,499951,all generic words
st-joseph-low-dose-aspirin,ST. JOSEPH LOW DOSE ASPIRIN,499949,long name: 5 words
ecotrin-regular-strength,ECOTRIN REGULAR STRENGTH,499949,"retail phrase: ""regular strength"""
aspirin-delayed-release,ASPIRIN DELAYED RELEASE,499946,all generic words
aspirin-pain-reliver,ASPIRIN PAIN RELIVER,499945,"symptom word: ""pain"""
regular-strength-aspirin,REGULAR STRENGTH ASPIRIN,499945,"retail phrase: ""regular strength"" | all generic words"
low-dose-chewable-aspirin,LOW DOSE CHEWABLE ASPIRIN,499944,"form word: ""chewable"" | all generic words"
extra-strength-aspirin,EXTRA STRENGTH ASPIRIN,499944,"retail phrase: ""extra strength"" | all generic words"
adult-chewable-aspirin,ADULT CHEWABLE ASPIRIN,499943,"form word: ""chewable"" | all generic words"
aspirin-extra-strength,ASPIRIN EXTRA STRENGTH,499942,"retail phrase: ""extra strength"" | all generic words"
chewable-low-dose-aspirin,CHEWABLE LOW DOSE ASPIRIN,499942,"form word: ""chewable"" | all generic words"
adult-low-strength-aspirin,ADULT LOW STRENGTH ASPIRIN,499942,all generic words
low-strength-chewable-aspirin,LOW STRENGTH CHEWABLE ASPIRIN,499942,"form word: ""chewable"" | all generic words"
aspirin-low-dose-chewable-orange,ASPIRIN LOW DOSE CHEWABLE ORANGE,499942,"form word: ""chewable"" | long name: 5 words | all generic words"
equaline-effervescent-pain-reliever,EQUALINE EFFERVESCENT PAIN RELIEVER,499941,"symptom word: ""pain"""
best-choice-effervescent-pain-reliever-36,BEST CHOICE EFFERVESCENT PAIN RELIEVER 36,499941,"symptom word: ""pain"" | long name: 6 words"
st-joseph-chewable-low-dose-aspirin,ST. JOSEPH CHEWABLE LOW DOSE ASPIRIN,499941,"form word: ""chewable"" | long name: 6 words"
bufferin-regular-strength-pain-relief,BUFFERIN REGULAR STRENGTH PAIN RELIEF,499941,"symptom word: ""pain"" | retail phrase: ""regular strength"" | long name: 5 words"
signature-select-effervescent-pain-relief,SIGNATURE SELECT EFFERVESCENT PAIN RELIEF,499941,"symptom word: ""pain"" | long name: 5 words"
market-basket-effervescent-pain-relief,MARKET BASKET EFFERVESCENT PAIN RELIEF,499941,"symptom word: ""pain"" | long name: 5 words"
bayer-aspirin-original-travel-basix,"BAYER ASPIRIN ORIGINAL, TRAVEL BASIX",499941,long name: 5 words
low-dose-miniprin-enteric-safety-coated,LOW DOSE MINIPRIN ENTERIC SAFETY COATED,499941,long name: 6 words
bayer-aspirin-original-cvp-health,"BAYER ASPIRIN ORIGINAL, CVP HEALTH",499941,long name: 5 words
lil-drug-store-aspirin-325,LIL DRUG STORE ASPIRIN 325,499941,long name: 5 words
cvs-effervescent-pain-reliever,CVS EFFERVESCENT PAIN RELIEVER,499941,"symptom word: ""pain"""
medique-products-chewable-low-dose-aspirin,MEDIQUE PRODUCTS CHEWABLE LOW DOSE ASPIRIN,499941,"form word: ""chewable"" | long name: 6 words"
meijer-effervescent-pain-relief,MEIJER EFFERVESCENT PAIN RELIEF,499941,"symptom word: ""pain"""
aspirin-pain-relief,ASPIRIN PAIN RELIEF,499941,"symptom word: ""pain"" | all generic words"
aspirin-low-dose-safety-coated,ASPIRIN LOW DOSE SAFETY COATED,499941,long name: 5 words
aspirin-low-dose-enteric-coated,ASPIRIN LOW DOSE ENTERIC COATED,499941,long name: 5 words | all generic words
publix-fast-relief-effervescent-original-flavor,PUBLIX FAST RELIEF EFFERVESCENT - ORIGINAL FLAVOR,499941,"symptom word: ""relief"" | long name: 6 words"
aspirin-low-dose-chewable,ASPIRIN LOW DOSE CHEWABLE,499941,"form word: ""chewable"" | all generic words"
winco-foods-effervescent-pain-relief,WINCO FOODS EFFERVESCENT PAIN RELIEF,499941,"symptom word: ""pain"" | long name: 5 words"
aspirin-enteric-coated-regular-strength,"ASPIRIN ENTERIC COATED, REGULAR STRENGTH",499941,"retail phrase: ""regular strength"" | long name: 5 words | all generic words"
pain-relief-aspirin-low-dose,PAIN RELIEF ASPIRIN LOW DOSE,499941,"symptom word: ""pain"" | long name: 5 words | all generic words"
aspirin-enteric-coated-low-dose,ASPIRIN ENTERIC COATED LOW DOSE,499941,long name: 5 words | all generic words
aspirin-chewable-low-dose,"ASPIRIN CHEWABLE, LOW DOSE",499941,"form word: ""chewable"" | all generic words"
topcare-effervescent-pain-relief,TOPCARE EFFERVESCENT PAIN RELIEF,499941,"symptom word: ""pain"""
dollar-general-effervescent-pain-reliever,DOLLAR GENERAL EFFERVESCENT PAIN RELIEVER,499941,"symptom word: ""pain"" | long name: 5 words"
pain-relief-aspirin-chewable-low-dose,"PAIN RELIEF ASPIRIN CHEWABLE, LOW DOSE",499941,"symptom word: ""pain"" | form word: ""chewable"" | long name: 6 words | all generic words"
xpect-chewable-aspirin,XPECT CHEWABLE ASPIRIN,499941,"form word: ""chewable"""
pain-relief-aspirin,PAIN RELIEF ASPIRIN,499941,"symptom word: ""pain"" | all generic words"
good-sense-effervescent-pain-relief,GOOD SENSE EFFERVESCENT PAIN RELIEF,499941,"symptom word: ""pain"" | long name: 5 words"
nobleaid-pain-reliever,NOBLEAID PAIN RELIEVER,499941,"symptom word: ""pain"""
up-and-up-chewable-aspirin,UP AND UP CHEWABLE ASPIRIN,499941,"form word: ""chewable"" | long name: 5 words"
drug-mart-effervescent-pain-relief,DRUG MART EFFERVESCENT PAIN RELIEF,499941,"symptom word: ""pain"" | long name: 5 words"
gencare-aspirin-low-dose-pain-reliever-nsaid,GENCARE-ASPIRIN LOW DOSE PAIN RELIEVER (NSAID),499941,"symptom word: ""pain"" | long name: 7 words"
heb-effervescent-pain-relief,HEB EFFERVESCENT PAIN RELIEF,499941,"symptom word: ""pain"""
regular-strength-enteric-coated-aspirin,REGULAR STRENGTH ENTERIC COATED ASPIRIN,499941,"retail phrase: ""regular strength"" | long name: 5 words | all generic words"
family-wellness-pain-reliever,FAMILY WELLNESS PAIN RELIEVER,499941,"symptom word: ""pain"""
quality-choice-effervescent-pain-relief,QUALITY CHOICE EFFERVESCENT PAIN RELIEF,499941,"symptom word: ""pain"" | long name: 5 words"
first-aid-direct-chewable-aspirin,FIRST AID DIRECT CHEWABLE ASPIRIN,499941,"form word: ""chewable"" | long name: 5 words"
adult-low-dose-enteric-coated-aspirin,ADULT LOW DOSE ENTERIC COATED ASPIRIN,499941,long name: 6 words | all generic words
adult-low-dose-pain-reliever,ADULT LOW DOSE PAIN RELIEVER,499941,"symptom word: ""pain"" | long name: 5 words"
acid-reducer,ACID REDUCER,466430,"symptom word: ""acid"""
pain-relief,PAIN RELIEF,459957,"symptom word: ""pain"" | all generic words"
goodnow-pain-relief,GOODNOW PAIN RELIEF,416249,"symptom word: ""pain"""
tylenol-extra-strength,TYLENOL EXTRA STRENGTH,410222,"retail phrase: ""extra strength"""
tylenol-regular-strength,TYLENOL REGULAR STRENGTH,393542,"retail phrase: ""regular strength"""
omeprazole,OMEPRAZOLE,339247,all generic words
omeprazolesodium-bicarbonate,OMEPRAZOLE/SODIUM BICARBONATE,336486,all generic words
equate-omeprazole-delayed-release-acid-reducer,EQUATE OMEPRAZOLE DELAYED RELEASE ACID REDUCER,336273,"symptom word: ""acid"" | long name: 6 words"
good-sense-omeprazole-delayed-release,GOOD SENSE OMEPRAZOLE DELAYED RELEASE,336268,long name: 5 words
arthritis-pain-reliever,ARTHRITIS PAIN RELIEVER,272883,"symptom word: ""arthritis"""
tylenol-extra-strength-caplet,TYLENOL EXTRA STRENGTH CAPLET,265869,"form word: ""caplet"" | retail phrase: ""extra strength"""
excedrin-rapid-relief,EXCEDRIN RAPID RELIEF,253918,"symptom word: ""relief"""
tylenol-8-hr-arthritis-pain,TYLENOL 8 HR ARTHRITIS PAIN,252326,"symptom word: ""arthritis"" | long name: 5 words"
panadol-extra-strength,PANADOL EXTRA STRENGTH,249892,"retail phrase: ""extra strength"""
childrens-tylenol,CHILDRENS TYLENOL,248846,"retail phrase: ""childrens"""
infants-tylenol,INFANTS TYLENOL,247834,"retail phrase: ""infants"""
pain-reliever,PAIN RELIEVER,247763,"symptom word: ""pain"""
feverall-infants,FEVERALL INFANTS,247565,"retail phrase: ""infants"""
feverall-childrens,FEVERALL CHILDRENS,247542,"retail phrase: ""childrens"""
mapap-extra-strength,MAPAP EXTRA STRENGTH,247367,"retail phrase: ""extra strength"""
pain-relief-extra-strength,PAIN RELIEF EXTRA STRENGTH,247288,"symptom word: ""pain"" | retail phrase: ""extra strength"" | all generic words"
acetaminophen,ACETAMINOPHEN,247272,all generic words
pain-reliever-extra-strength,PAIN RELIEVER EXTRA STRENGTH,247186,"symptom word: ""pain"" | retail phrase: ""extra strength"""
extra-strength-pain-reliever,EXTRA STRENGTH PAIN RELIEVER,247182,"symptom word: ""pain"" | retail phrase: ""extra strength"""
acetaminophen-extra-strength,ACETAMINOPHEN EXTRA STRENGTH,247147,"retail phrase: ""extra strength"" | all generic words"
pain-reliever-childrens,PAIN RELIEVER CHILDRENS,247090,"symptom word: ""pain"" | retail phrase: ""childrens"""
midol-long-lasting-relief,MIDOL LONG LASTING RELIEF,247081,"symptom word: ""relief"""
dolex-children-pain-and-fever,DOLEX CHILDREN PAIN AND FEVER,247060,"symptom word: ""pain"" | long name: 5 words"
arthritis-pain,ARTHRITIS PAIN,247054,"symptom word: ""arthritis"" | all generic words"
extra-strength-acetaminophen,EXTRA STRENGTH ACETAMINOPHEN,247031,"retail phrase: ""extra strength"" | all generic words"
non-aspirin-childrens,NON-ASPIRIN CHILDRENS,247027,"retail phrase: ""childrens"" | all generic words"
arthritis-pain-relief,ARTHRITIS PAIN RELIEF,247026,"symptom word: ""arthritis"" | all generic words"
equate-pain-reliever,EQUATE PAIN RELIEVER,247025,"symptom word: ""pain"""
pain-relief-childrens,PAIN RELIEF CHILDRENS,247015,"symptom word: ""pain"" | retail phrase: ""childrens"" | all generic words"
pain-relief-extra-strength-non-aspirin,"PAIN RELIEF EXTRA STRENGTH, NON-ASPIRIN",247014,"symptom word: ""pain"" | retail phrase: ""extra strength"" | long name: 6 words | all generic words"
pain-relief-regular-strength,PAIN RELIEF REGULAR STRENGTH,247014,"symptom word: ""pain"" | retail phrase: ""regular strength"" | all generic words"
pain-relief-childrens-dye-free,PAIN RELIEF CHILDRENS DYE FREE,247014,"symptom word: ""pain"" | retail phrase: ""childrens"" | long name: 5 words"
childrens-pain-relief,CHILDRENS PAIN RELIEF,247010,"symptom word: ""pain"" | retail phrase: ""childrens"" | all generic words"
max-relief-junior,MAX RELIEF JUNIOR,247009,"symptom word: ""relief"" | retail word: ""junior"" | all generic words"
childrens-acetaminophen,CHILDRENS ACETAMINOPHEN,247008,"retail phrase: ""childrens"" | all generic words"
childrens-acetaminophen-dye-free-grape,CHILDRENS ACETAMINOPHEN DYE FREE GRAPE,247008,"retail phrase: ""childrens"" | long name: 5 words"
childrens-pain-and-fever,CHILDRENS PAIN AND FEVER,247007,"symptom word: ""pain"" | retail phrase: ""childrens"" | all generic words"
childrens-pain-and-fever-dye-free,CHILDRENS PAIN AND FEVER DYE FREE,247007,"symptom word: ""pain"" | retail phrase: ""childrens"" | long name: 6 words"
childrens-pain-and-fever-dissolve-packs,CHILDRENS PAIN AND FEVER DISSOLVE PACKS,247007,"symptom word: ""pain"" | retail phrase: ""childrens"" | long name: 6 words"
extra-strength-pain-relief,EXTRA STRENGTH PAIN RELIEF,247005,"symptom word: ""pain"" | retail phrase: ""extra strength"" | all generic words"
nighttime-cold-and-flu-relief,NIGHTTIME COLD AND FLU RELIEF,247004,"symptom word: ""cold"" | retail phrase: ""nighttime"" | long name: 5 words | all generic words"
equate-8hr-arthritis-pain-relief,EQUATE 8HR ARTHRITIS PAIN RELIEF,247001,"symptom word: ""arthritis"" | long name: 5 words"
good-neighbor-pharmacy-childrens-pain-and-fever,GOOD NEIGHBOR PHARMACY CHILDRENS PAIN AND FEVER,246996,"symptom word: ""pain"" | retail phrase: ""childrens"" | long name: 7 words"
infants-pain-and-fever,INFANTS PAIN AND FEVER,246996,"symptom word: ""pain"" | retail phrase: ""infants"" | all generic words"
acetaminophen-extended-release,ACETAMINOPHEN EXTENDED-RELEASE,246996,all generic words
pharbetol-regular-strength,PHARBETOL REGULAR STRENGTH,246995,"retail phrase: ""regular strength"""
pain-and-fever-childrens,PAIN AND FEVER CHILDRENS,246995,"symptom word: ""pain"" | retail phrase: ""childrens"" | all generic words"
kirkland-signature-acetaminophen-adult-extra-strength,KIRKLAND SIGNATURE ACETAMINOPHEN ADULT EXTRA STRENGTH,246995,"retail phrase: ""extra strength"" | long name: 6 words"
tylenol-for-children-plus-adults,TYLENOL FOR CHILDREN PLUS ADULTS,246995,long name: 5 words
arthritis-pain-acetaminophen,ARTHRITIS PAIN ACETAMINOPHEN,246994,"symptom word: ""arthritis"" | all generic words"
pain-and-fever,PAIN AND FEVER,246994,"symptom word: ""pain"" | all generic words"
acetaminophen-for-children,ACETAMINOPHEN FOR CHILDREN,246994,all generic words
pain-reliever-fever-reducer-extra-strength,PAIN RELIEVER FEVER REDUCER EXTRA STRENGTH,246994,"symptom word: ""pain"" | retail phrase: ""extra strength"" | long name: 6 words"
kids-pain-and-fever,KIDS PAIN AND FEVER,246993,"symptom word: ""pain"""
regular-strength-acetaminophen,REGULAR STRENGTH ACETAMINOPHEN,246993,"retail phrase: ""regular strength"" | all generic words"
equate-childrens-pain-and-fever,EQUATE CHILDRENS PAIN AND FEVER,246993,"symptom word: ""pain"" | retail phrase: ""childrens"" | long name: 5 words"
right-remedies-pain-relief-extra-strength-caplet,RIGHT REMEDIES PAIN RELIEF EXTRA STRENGTH CAPLET,246993,"symptom word: ""pain"" | form word: ""caplet"" | retail phrase: ""extra strength"" | long name: 7 words"
regular-strength-pain-reliever,REGULAR STRENGTH PAIN RELIEVER,246993,"symptom word: ""pain"" | retail phrase: ""regular strength"""
regular-strength-pain-relief,REGULAR STRENGTH PAIN RELIEF,246992,"symptom word: ""pain"" | retail phrase: ""regular strength"" | all generic words"
childrens-pain-reliever,CHILDRENS PAIN RELIEVER,246992,"symptom word: ""pain"" | retail phrase: ""childrens"""
childrens-mapap,CHILDRENS MAPAP,246992,"retail phrase: ""childrens"""
counteract-pain,COUNTERACT PAIN,246992,"symptom word: ""pain"""
rapid-release-pain-relief,RAPID RELEASE PAIN RELIEF,246992,"symptom word: ""pain"" | all generic words"
pain-relief-acetaminophen-extra-strength,PAIN RELIEF ACETAMINOPHEN EXTRA STRENGTH,246992,"symptom word: ""pain"" | retail phrase: ""extra strength"" | long name: 5 words | all generic words"
good-sense-pain-relief-arthritis-pain,GOOD SENSE PAIN RELIEF ARTHRITIS PAIN,246992,"symptom word: ""pain"" | long name: 6 words"
up-and-up-acetaminophen-infants,UP AND UP ACETAMINOPHEN INFANTS,246992,"retail phrase: ""infants"" | long name: 5 words"
vicks-painquil-pain-reliever,VICKS PAINQUIL PAIN RELIEVER,246992,"symptom word: ""pain"""
acetaminophen-pain-reliever-fever-reducer,ACETAMINOPHEN PAIN RELIEVER FEVER REDUCER,246992,"symptom word: ""pain"" | long name: 5 words"
children-acetaminophen,CHILDREN ACETAMINOPHEN,246992,all generic words
acetaminophen-regular-strength,ACETAMINOPHEN REGULAR STRENGTH,246992,"retail phrase: ""regular strength"" | all generic words"
childrens-pain-and-fever-relief,CHILDRENS PAIN AND FEVER RELIEF,246992,"symptom word: ""pain"" | retail phrase: ""childrens"" | long name: 5 words | all generic words"
signature-care-pain-relief,SIGNATURE CARE PAIN RELIEF,246992,"symptom word: ""pain"""
rugby-regular-strength-acetaminophen,RUGBY REGULAR STRENGTH ACETAMINOPHEN,246992,"retail phrase: ""regular strength"""
up-and-up-childrens-acetaminophen,UP AND UP CHILDRENS ACETAMINOPHEN,246992,"retail phrase: ""childrens"" | long name: 5 words"
dg-health-pain-relief,DG HEALTH PAIN RELIEF,246992,"symptom word: ""pain"""
childrens-chewable-acetaminophen,CHILDRENS CHEWABLE ACETAMINOPHEN,246992,"form word: ""chewable"" | retail phrase: ""childrens"" | all generic words"
good-sense-pain-relief,GOOD SENSE PAIN RELIEF,246992,"symptom word: ""pain"""
dg-health-childrens-pain-and-fever,DG HEALTH CHILDRENS PAIN AND FEVER,246992,"symptom word: ""pain"" | retail phrase: ""childrens"" | long name: 6 words"
parents-choice-infants-pain-and-fever,PARENTS CHOICE INFANTS PAIN AND FEVER,246992,"symptom word: ""pain"" | retail phrase: ""infants"" | long name: 6 words"
signature-care-infants-pain-relief,SIGNATURE CARE INFANTS PAIN RELIEF,246992,"symptom word: ""pain"" | retail phrase: ""infants"" | long name: 5 words"
genexa-infants-pain-and-fever,GENEXA INFANTS PAIN AND FEVER,246992,"symptom word: ""pain"" | retail phrase: ""infants"" | long name: 5 words"
walgreen-childrens-pain-plus-fever,WALGREEN CHILDRENS PAIN PLUS FEVER,246991,"symptom word: ""pain"" | retail phrase: ""childrens"" | long name: 5 words"
kosher-meds-childrens-pain-and-fever,KOSHER MEDS CHILDRENS PAIN AND FEVER,246991,"symptom word: ""pain"" | retail phrase: ""childrens"" | long name: 6 words"
kroger-children-pain-plus-fever-chewables,KROGER CHILDREN PAIN PLUS FEVER CHEWABLES,246991,"symptom word: ""pain"" | long name: 6 words"
leader-infants-pain-and-fever,LEADER INFANTS PAIN AND FEVER,246991,"symptom word: ""pain"" | retail phrase: ""infants"" | long name: 5 words"
pediacare-childrens-acetaminophen-grape,PEDIACARE CHILDRENS ACETAMINOPHEN GRAPE,246991,"retail phrase: ""childrens"""
topcare-8-hr-arthritis-pain-relief,TOPCARE 8 HR ARTHRITIS PAIN RELIEF,246991,"symptom word: ""arthritis"" | long name: 6 words"
mommys-bliss-childrens-pain-and-fever,MOMMYS BLISS CHILDRENS PAIN AND FEVER,246991,"symptom word: ""pain"" | retail phrase: ""childrens"" | long name: 6 words"
genexa-acetaminophen-extra-strength,GENEXA ACETAMINOPHEN EXTRA STRENGTH,246991,"retail phrase: ""extra strength"""
dg-health-8-hour-pain-relief,DG HEALTH 8 HOUR PAIN RELIEF,246991,"symptom word: ""pain"" | long name: 6 words"
leader-8hr-arthritis-pain-relief,LEADER 8HR ARTHRITIS PAIN RELIEF,246991,"symptom word: ""arthritis"" | long name: 5 words"
topcare-pain-relief,TOPCARE PAIN RELIEF,246991,"symptom word: ""pain"""
leader-childrens-pain-and-fever,LEADER CHILDRENS PAIN AND FEVER,246991,"symptom word: ""pain"" | retail phrase: ""childrens"" | long name: 5 words"
rapidol-500-extra-strength,RAPIDOL 500 EXTRA STRENGTH,246991,"retail phrase: ""extra strength"""
little-remedies-infant-feverpain-reliever,LITTLE REMEDIES INFANT FEVER/PAIN RELIEVER,246991,"symptom word: ""fever"" | long name: 6 words"
maximum-strength-non-aspirin-250,MAXIMUM STRENGTH NON-ASPIRIN 250,246991,"retail phrase: ""maximum strength"" | long name: 5 words | all generic words"
cvs-childrens-pain-plus-fever-relief,CVS CHILDRENS PAIN PLUS FEVER RELIEF,246991,"symptom word: ""pain"" | retail phrase: ""childrens"" | long name: 6 words"
pain-relief-fever-reducer-children,PAIN RELIEF FEVER REDUCER CHILDREN,246991,"symptom word: ""pain"" | long name: 5 words"
clear-choice-regular-strength-pain-reliever,CLEAR CHOICE REGULAR STRENGTH PAIN RELIEVER,246991,"symptom word: ""pain"" | retail phrase: ""regular strength"" | long name: 6 words"
circle-k-pain-reliever-extra-strength,CIRCLE K PAIN RELIEVER EXTRA STRENGTH,246991,"symptom word: ""pain"" | retail phrase: ""extra strength"" | long name: 6 words"
pediacare-childrens-grape,PEDIACARE CHILDRENS GRAPE,246991,"retail phrase: ""childrens"""
lil-drug-store-childrens-pain-and-fever,LIL DRUG STORE CHILDRENS PAIN AND FEVER,246991,"symptom word: ""pain"" | retail phrase: ""childrens"" | long name: 7 words"
aurophen-extra-strength-for-adults,AUROPHEN EXTRA STRENGTH FOR ADULTS,246991,"retail phrase: ""extra strength"" | long name: 5 words"
genexa-acetaminophen-pm-extra-strength,GENEXA ACETAMINOPHEN PM EXTRA STRENGTH,246991,"retail phrase: ""extra strength"" | long name: 5 words"
genexa-childrens-acetaminophen,GENEXA CHILDRENS ACETAMINOPHEN,246991,"retail phrase: ""childrens"""
foster-and-thrive-rapid-release-pain-relief,FOSTER AND THRIVE RAPID RELEASE PAIN RELIEF,246991,"symptom word: ""pain"" | long name: 7 words"
foster-and-thrive-pain-reliever,FOSTER AND THRIVE PAIN RELIEVER,246991,"symptom word: ""pain"" | long name: 5 words"
genexa-kids-pain-and-fever,GENEXA KIDS PAIN AND FEVER,246991,"symptom word: ""pain"" | long name: 5 words"
foster-and-thrive-infants-pain-and-fever,FOSTER AND THRIVE INFANTS PAIN AND FEVER,246991,"symptom word: ""pain"" | retail phrase: ""infants"" | long name: 7 words"
adwe-childrens-pain-fever,ADWE CHILDRENS PAIN FEVER,246991,"symptom word: ""pain"" | retail phrase: ""childrens"""
gericare-liquid-pain-relief,GERICARE LIQUID PAIN RELIEF,246991,"symptom word: ""pain"" | form word: ""liquid"""
notts-muscle-aches-and-pain,NOTTS - MUSCLE ACHES AND PAIN,246991,"symptom word: ""pain"" | long name: 5 words"
nite-time-coldflu-medicine-cherry,NITE-TIME COLD/FLU MEDICINE CHERRY,246991,"symptom word: ""cold"" | long name: 6 words"
foster-and-thrive-childrens-pain-and-fever,FOSTER AND THRIVE CHILDRENS PAIN AND FEVER,246991,"symptom word: ""pain"" | retail phrase: ""childrens"" | long name: 7 words"
fever-reducing-childrens,FEVER REDUCING CHILDRENS,246991,"symptom word: ""fever"" | retail phrase: ""childrens"""
extra-strength-pain-releif,EXTRA STRENGTH PAIN RELEIF,246991,"symptom word: ""pain"" | retail phrase: ""extra strength"""
extra-strength-no-pain,EXTRA STRENGTH NO-PAIN,246991,"symptom word: ""pain"" | retail phrase: ""extra strength"""
good-sense-pain-and-fever,GOOD SENSE PAIN AND FEVER,246991,"symptom word: ""pain"" | long name: 5 words"
extra-strength-acetaminohpen-adult-rapid-burst-cherry,EXTRA STRENGTH ACETAMINOHPEN ADULT RAPID BURST CHERRY,246991,"retail phrase: ""extra strength"" | long name: 7 words"
good-neighbor-pharmacy-infants-pain-and-fever,GOOD NEIGHBOR PHARMACY INFANTS PAIN AND FEVER,246991,"symptom word: ""pain"" | retail phrase: ""infants"" | long name: 7 words"
good-neighbor-pharmacy-pain-and-fever-childrens,GOOD NEIGHBOR PHARMACY PAIN AND FEVER CHILDRENS,246991,"symptom word: ""pain"" | retail phrase: ""childrens"" | long name: 7 words"
vicks-painquil-liquicaps-pain-reliever,VICKS PAINQUIL LIQUICAPS PAIN RELIEVER,246991,"symptom word: ""pain"" | long name: 5 words"
muscle-aches-and-pains-acetaminophen-extended-release,MUSCLE ACHES AND PAINS ACETAMINOPHEN EXTENDED RELEASE,246991,long name: 7 words
extra-strength-mini-softgels-pain-reliever,EXTRA STRENGTH MINI SOFTGELS PAIN RELIEVER,246991,"symptom word: ""pain"" | form word: ""softgels"" | retail phrase: ""extra strength"" | long name: 6 words"
acetaminophen-gelcaps-extra-strength,ACETAMINOPHEN GELCAPS EXTRA STRENGTH,246991,"retail phrase: ""extra strength"""
family-wellness-childrens-pain-reliever-574,FAMILY WELLNESS CHILDRENS PAIN RELIEVER 574,246991,"symptom word: ""pain"" | retail phrase: ""childrens"" | long name: 6 words"
equate-pain-and-fever-infants,EQUATE PAIN AND FEVER INFANTS,246991,"symptom word: ""pain"" | retail phrase: ""infants"" | long name: 5 words"
equate-pain-and-fever-childrens,EQUATE PAIN AND FEVER CHILDRENS,246991,"symptom word: ""pain"" | retail phrase: ""childrens"" | long name: 5 words"
acetaminophen-easy-tabs-extra-strength,ACETAMINOPHEN EASY TABS EXTRA STRENGTH,246991,"retail phrase: ""extra strength"" | long name: 5 words"
equate-menstrual-pain-relief,EQUATE MENSTRUAL PAIN RELIEF,246991,"symptom word: ""pain"""
acetaminophen-caplets,ACETAMINOPHEN CAPLETS,246991,"form word: ""caplets"" | all generic words"
equaline-childrens-acetaminophen,EQUALINE CHILDRENS ACETAMINOPHEN,246991,"retail phrase: ""childrens"""
robitussin-direct-sore-throat-pain,ROBITUSSIN DIRECT SORE THROAT PAIN,246991,"symptom word: ""pain"" | long name: 5 words"
green-guard-maximum-strength-non-aspirin,GREEN GUARD MAXIMUM STRENGTH NON-ASPIRIN,246991,"retail phrase: ""maximum strength"" | long name: 6 words"
dye-freeinfants-pain-and-fever,DYE FREEINFANTS PAIN AND FEVER,246991,"symptom word: ""pain"" | retail phrase: ""infants"" | long name: 5 words"
dr-sana-pain-and-fever-for-children,DR. SANA PAIN AND FEVER FOR CHILDREN,246991,"symptom word: ""pain"" | long name: 7 words"
good-neighbor-pharmacy-pain-relief,GOOD NEIGHBOR PHARMACY PAIN RELIEF,246991,"symptom word: ""pain"" | long name: 5 words"
unishield-extra-strength-non-aspirin,UNISHIELD EXTRA STRENGTH NON ASPIRIN,246991,"retail phrase: ""extra strength"" | long name: 5 words"
uline-acetaminophen-extra-strength,ULINE ACETAMINOPHEN EXTRA STRENGTH,246991,"retail phrase: ""extra strength"""
good-sense-childrens-pain-and-fever,GOOD SENSE CHILDRENS PAIN AND FEVER,246991,"symptom word: ""pain"" | retail phrase: ""childrens"" | long name: 6 words"
equate-infants-pain-and-fever,EQUATE INFANTS PAIN AND FEVER,246991,"symptom word: ""pain"" | retail phrase: ""infants"" | long name: 5 words"
good-sense-pain-and-fever-infants,GOOD SENSE PAIN AND FEVER INFANTS,246991,"symptom word: ""pain"" | retail phrase: ""infants"" | long name: 6 words"
goodmeds-extra-strength-pain-relief-acetaminophen,GOODMEDS EXTRA STRENGTH PAIN RELIEF ACETAMINOPHEN,246991,"symptom word: ""pain"" | retail phrase: ""extra strength"" | long name: 6 words"
green-guard-maximum-non-aspirin,GREEN GUARD MAXIMUM NON-ASPIRIN,246991,long name: 5 words
eight-hour-pain-relief,EIGHT HOUR PAIN RELIEF,246991,"symptom word: ""pain"""
dye-free-pain-reliever-childrens,DYE FREE PAIN RELIEVER CHILDRENS,246991,"symptom word: ""pain"" | retail phrase: ""childrens"" | long name: 5 words"
dr-simi-pain-relief-100,DR SIMI PAIN RELIEF 100,246991,"symptom word: ""pain"" | long name: 5 words"
up-and-up-infants-acetaminophen,UP AND UP INFANTS ACETAMINOPHEN,246991,"retail phrase: ""infants"" | long name: 5 words"
nite-time-coldflu-medicine,NITE-TIME COLD/FLU MEDICINE,246991,"symptom word: ""cold"" | long name: 5 words"
members-mark-arthritis-pain,MEMBERS MARK ARTHRITIS PAIN,246991,"symptom word: ""arthritis"""
tylenol-extra-strength-travel-basix,"TYLENOL EXTRA STRENGTH, TRAVEL BASIX",246991,"retail phrase: ""extra strength"" | long name: 5 words"
rexall-pain-relief,REXALL PAIN RELIEF,246991,"symptom word: ""pain"""
dye-free-infants-pain-and-fever,DYE FREE INFANTS PAIN AND FEVER,246991,"symptom word: ""pain"" | retail phrase: ""infants"" | long name: 6 words"
dye-free-childrens-acetaminophen,DYE FREE CHILDRENS ACETAMINOPHEN,246991,"retail phrase: ""childrens"""
rugby-childrens-acetaminophen,RUGBY CHILDRENS ACETAMINOPHEN,246991,"retail phrase: ""childrens"""
meijer-childrens-pain-and-fever-reducer,MEIJER CHILDRENS PAIN AND FEVER REDUCER,246991,"symptom word: ""pain"" | retail phrase: ""childrens"" | long name: 6 words"
sanar-naturals-childrens-pain-reliever,SANAR NATURALS CHILDRENS PAIN RELIEVER,246991,"symptom word: ""pain"" | retail phrase: ""childrens"" | long name: 5 words"
drx-choice-regular-strength,DRX CHOICE REGULAR STRENGTH,246991,"retail phrase: ""regular strength"""
dr-simi-pain-relief,DR SIMI PAIN RELIEF,246991,"symptom word: ""pain"""
tylenol-extra-strength-cvp-health,"TYLENOL EXTRA STRENGTH, CVP HEALTH",246991,"retail phrase: ""extra strength"" | long name: 5 words"
tylenol-8-hr-muscle-aches-and-pain,TYLENOL 8 HR MUSCLE ACHES AND PAIN,246991,"symptom word: ""pain"" | long name: 7 words"
walgreenchildrens-pain-fever,WALGREENCHILDRENS PAIN FEVER,246991,"symptom word: ""pain"" | retail phrase: ""childrens"""
dye-free-pain-and-fever-childrens,DYE FREE PAIN AND FEVER CHILDRENS,246991,"symptom word: ""pain"" | retail phrase: ""childrens"" | long name: 6 words"
dr-cocoa-for-children-pain-and-fever,DR. COCOA FOR CHILDREN PAIN AND FEVER,246991,"symptom word: ""pain"" | long name: 7 words"
dr-kids-pain-and-fever,DR KIDS PAIN AND FEVER,246991,"symptom word: ""pain"" | long name: 5 words"
direct-safety-extra-strength-aspirin-free,DIRECT SAFETY EXTRA STRENGTH ASPIRIN FREE,246991,"retail phrase: ""extra strength"" | long name: 6 words"
infants-pain-fever,INFANTS PAIN FEVER,246991,"symptom word: ""pain"" | retail phrase: ""infants"" | all generic words"
infants-pain-relief,INFANTS PAIN RELIEF,246991,"symptom word: ""pain"" | retail phrase: ""infants"" | all generic words"
mommys-bliss-infants-pain-and-fever,MOMMYS BLISS INFANTS PAIN AND FEVER,246991,"symptom word: ""pain"" | retail phrase: ""infants"" | long name: 6 words"
dg-health-8-hr-arthritis-pain-relief,DG HEALTH 8 HR ARTHRITIS PAIN RELIEF,246991,"symptom word: ""arthritis"" | long name: 7 words"
infants-pain-reliever,INFANTS PAIN RELIEVER,246991,"symptom word: ""pain"" | retail phrase: ""infants"""
topcare-pain-and-fever,TOPCARE PAIN AND FEVER,246991,"symptom word: ""pain"""
topcare-infants-pain-and-fever,TOPCARE INFANTS PAIN AND FEVER,246991,"symptom word: ""pain"" | retail phrase: ""infants"" | long name: 5 words"
infants-fever-reducer-and-pain-reliever,INFANTS FEVER REDUCER AND PAIN RELIEVER,246991,"symptom word: ""fever"" | retail phrase: ""infants"" | long name: 6 words"
infants-pain-and-fever-cherry-flavor,INFANTS PAIN AND FEVER CHERRY FLAVOR,246991,"symptom word: ""pain"" | retail phrase: ""infants"" | long name: 6 words | all generic words"
junior-acetaminophen-ages-6-11,JUNIOR ACETAMINOPHEN AGES 6-11,246991,"retail word: ""junior"" | long name: 5 words"
pain-relief-8-hr,PAIN RELIEF 8 HR,246991,"symptom word: ""pain"""
careall-non-aspirin-extra-strength,CAREALL NON ASPIRIN EXTRA STRENGTH,246991,"retail phrase: ""extra strength"" | long name: 5 words"
medi-first-plus-non-aspirin-extra-strength,MEDI FIRST PLUS NON-ASPIRIN EXTRA STRENGTH,246991,"retail phrase: ""extra strength"" | long name: 7 words"
rugby-infants-acetaminophen,RUGBY INFANTS ACETAMINOPHEN,246991,"retail phrase: ""infants"""
careall-acetaminophen-extra-strength,CAREALL ACETAMINOPHEN EXTRA STRENGTH,246991,"retail phrase: ""extra strength"""
pain-relief-rapid-release-gelcaps-extra-strength,PAIN RELIEF RAPID RELEASE GELCAPS EXTRA STRENGTH,246991,"symptom word: ""pain"" | retail phrase: ""extra strength"" | long name: 7 words"
care-one-arthritis-pain-relief,CARE ONE ARTHRITIS PAIN RELIEF,246991,"symptom word: ""arthritis"" | long name: 5 words"
pain-reliever-dye-free,PAIN RELIEVER DYE FREE,246991,"symptom word: ""pain"""
signature-care-childrens-pain-relief,SIGNATURE CARE CHILDRENS PAIN RELIEF,246991,"symptom word: ""pain"" | retail phrase: ""childrens"" | long name: 5 words"
cabinet-pain-reliever-and-fever-reducer-refill-acetaminophen,CABINET PAIN RELIEVER AND FEVER REDUCER REFILL ACETAMINOPHEN,246991,"symptom word: ""pain"" | long name: 8 words"
medi-first-plus-non-aspirin,MEDI FIRST PLUS NON-ASPIRIN,246991,long name: 5 words
medi-first-extra-strength-non-aspirin,MEDI-FIRST EXTRA STRENGTH NON ASPIRIN,246991,"retail phrase: ""extra strength"" | long name: 6 words"
better-living-brands-childrens-fever-and-pain-reliver,BETTER LIVING BRANDS CHILDRENS FEVER AND PAIN RELIVER,246991,"symptom word: ""fever"" | retail phrase: ""childrens"" | long name: 8 words"
medi-first-non-aspirin-extra-strength,MEDI-FIRST NON-ASPIRIN EXTRA STRENGTH,246991,"retail phrase: ""extra strength"" | long name: 6 words"
berkley-and-jensen-rapid-release-acetaminophen,BERKLEY AND JENSEN RAPID RELEASE ACETAMINOPHEN,246991,long name: 6 words
berkley-and-jensen-pain-relief,BERKLEY AND JENSEN PAIN RELIEF,246991,"symptom word: ""pain"" | long name: 5 words"
medi-first-plus-extra-strength-non-aspirin,MEDI-FIRST PLUS EXTRA STRENGTH NON ASPIRIN,246991,"retail phrase: ""extra strength"" | long name: 7 words"
pain-reliever-fever-reducer-childrens,PAIN RELIEVER FEVER REDUCER CHILDRENS,246991,"symptom word: ""pain"" | retail phrase: ""childrens"" | long name: 5 words"
aurophen-regular-strength,AUROPHEN REGULAR STRENGTH,246991,"retail phrase: ""regular strength"""
childrens-pain-and-fever-cherry-flavor,CHILDRENS PAIN AND FEVER CHERRY FLAVOR,246991,"symptom word: ""pain"" | retail phrase: ""childrens"" | long name: 6 words | all generic words"
childrens-fever-reducer-and-pain-reliever,CHILDRENS FEVER REDUCER AND PAIN RELIEVER,246991,"symptom word: ""fever"" | retail phrase: ""childrens"" | long name: 6 words"
childrens-chewables,CHILDRENS CHEWABLES,246991,"retail phrase: ""childrens"""
basic-care-childrens-pain-and-fever,BASIC CARE CHILDRENS PAIN AND FEVER,246991,"symptom word: ""pain"" | retail phrase: ""childrens"" | long name: 6 words"
basic-care-infants-pain-and-fever,BASIC CARE INFANTS PAIN AND FEVER,246991,"symptom word: ""pain"" | retail phrase: ""infants"" | long name: 6 words"
liquid-acetaminophen,LIQUID ACETAMINOPHEN,246991,"form word: ""liquid"" | all generic words"
physicianscare-non-aspirin-extra-strength,PHYSICIANSCARE NON ASPIRIN EXTRA STRENGTH,246991,"retail phrase: ""extra strength"" | long name: 5 words"
childrens-acetaminophen-oral-liquid-grape-flavor,CHILDRENS ACETAMINOPHEN ORAL LIQUID GRAPE FLAVOR,246991,"form word: ""liquid"" | retail phrase: ""childrens"" | long name: 6 words"
little-remedies-childrens-fever-pain-reliever,LITTLE REMEDIES CHILDRENS FEVER PAIN RELIEVER,246991,"symptom word: ""fever"" | retail phrase: ""childrens"" | long name: 6 words"
topcare-childrens-pain-and-fever,TOPCARE CHILDRENS PAIN AND FEVER,246991,"symptom word: ""pain"" | retail phrase: ""childrens"" | long name: 5 words"
medique-extra-strength-apap,MEDIQUE EXTRA STRENGTH APAP,246991,"retail phrase: ""extra strength"""
topcare-8-hour-pain-relief,TOPCARE 8 HOUR PAIN RELIEF,246991,"symptom word: ""pain"" | long name: 5 words"
thompson-extra-strength-non-aspirin,THOMPSON EXTRA STRENGTH NON-ASPIRIN,246991,"retail phrase: ""extra strength"" | long name: 5 words"
childrens-tukol-acetaminophen-fever-reducer-pain-reducer,CHILDRENS TUKOL ACETAMINOPHEN FEVER REDUCER PAIN REDUCER,246991,"symptom word: ""fever"" | retail phrase: ""childrens"" | long name: 7 words"
childrens-pain-reliever-and-fever-reducer-grape,CHILDRENS PAIN RELIEVER AND FEVER REDUCER GRAPE,246991,"symptom word: ""pain"" | retail phrase: ""childrens"" | long name: 7 words"
childrens-pain-reliever-and-fever-reducer-cherry,CHILDRENS PAIN RELIEVER AND FEVER REDUCER CHERRY,246991,"symptom word: ""pain"" | retail phrase: ""childrens"" | long name: 7 words"
childrens-pain-plus-fever-relief,CHILDRENS PAIN PLUS FEVER RELIEF,246991,"symptom word: ""pain"" | retail phrase: ""childrens"" | long name: 5 words | all generic words"
childrens-pain-and-fever-grape-flavor,"CHILDRENS PAIN AND FEVER, GRAPE FLAVOR",246991,"symptom word: ""pain"" | retail phrase: ""childrens"" | long name: 6 words | all generic words"
children-pain-and-fever-reliver,CHILDREN PAIN AND FEVER RELIVER,246991,"symptom word: ""pain"" | long name: 5 words"
children-pain-and-fever-reliever,CHILDREN PAIN AND FEVER RELIEVER,246991,"symptom word: ""pain"" | long name: 5 words"
bactimicina-childrens-pain-and-fever,BACTIMICINA CHILDRENS PAIN AND FEVER,246991,"symptom word: ""pain"" | retail phrase: ""childrens"" | long name: 5 words"
medique-apap-extra-strength,MEDIQUE APAP EXTRA STRENGTH,246991,"retail phrase: ""extra strength"""
major-extra-strength-acetaminophen-liquid,MAJOR EXTRA STRENGTH ACETAMINOPHEN LIQUID,246991,"form word: ""liquid"" | retail phrase: ""extra strength"" | long name: 5 words"
chewable-acetaminophen-childrens,CHEWABLE ACETAMINOPHEN CHILDRENS,246991,"form word: ""chewable"" | retail phrase: ""childrens"" | all generic words"
maximum-strength-non-aspirin-100,MAXIMUM STRENGTH NON-ASPIRIN 100,246991,"retail phrase: ""maximum strength"" | long name: 5 words | all generic words"
careone-infants-acetaminophen,CAREONE INFANTS ACETAMINOPHEN,246991,"retail phrase: ""infants"""
careone-childrens-acetaminophen,CAREONE CHILDRENS ACETAMINOPHEN,246991,"retail phrase: ""childrens"""
careone-8-hour-pain-relief,CAREONE 8 HOUR PAIN RELIEF,246991,"symptom word: ""pain"" | long name: 5 words"
folic-acid,FOLIC ACID,244558,"symptom word: ""acid"""
foster-and-thrive-acid-reducer,FOSTER AND THRIVE ACID REDUCER,217006,"symptom word: ""acid"" | long name: 5 words"
motrin-infants,MOTRIN INFANTS,212478,"retail phrase: ""infants"""
advil-liqui-gels,ADVIL LIQUI-GELS,198868,"form word: ""gels"""
childrens-motrin,CHILDRENS MOTRIN,197853,"retail phrase: ""childrens"""
ranitidine,RANITIDINE,197546,all generic words
childrens-advil,CHILDRENS ADVIL,196219,"retail phrase: ""childrens"""
childrens-ibuprofen,CHILDRENS IBUPROFEN,195515,"retail phrase: ""childrens"" | all generic words"
ibuprofen,IBUPROFEN,195385,all generic words
junior-strength-advil,JUNIOR STRENGTH ADVIL,195263,"retail word: ""junior"""
ibuprofen-fast-relief-medicine-for-pain,IBUPROFEN FAST RELIEF MEDICINE FOR PAIN,195152,"symptom word: ""relief"" | long name: 6 words"
migraine-relief,MIGRAINE RELIEF,195151,"symptom word: ""relief"""
equate-ibuprofen-childrens,EQUATE IBUPROFEN CHILDRENS,195123,"retail phrase: ""childrens"""
ibuprofen-100,IBUPROFEN 100,195107,all generic words
ibuprofen-250,IBUPROFEN 250,195107,all generic words
ibuprofen-200,IBUPROFEN 200,195107,all generic words
infants-ibuprofen,INFANTS IBUPROFEN,195069,"retail phrase: ""infants"" | all generic words"
infants-motrin,INFANTS MOTRIN,195057,"retail phrase: ""infants"""
ibuprofen-childrens,IBUPROFEN CHILDRENS,195043,"retail phrase: ""childrens"" | all generic words"
concentrated-ibuprofen-infants,CONCENTRATED IBUPROFEN INFANTS,195037,"retail phrase: ""infants"""
infants-advil,INFANTS ADVIL,195036,"retail phrase: ""infants"""
ibuprofen-infants,IBUPROFEN INFANTS,195036,"retail phrase: ""infants"" | all generic words"
good-sense-ibuprofen-childrens,GOOD SENSE IBUPROFEN CHILDRENS,195033,"retail phrase: ""childrens"""
good-sense-ibuprofen-infants,GOOD SENSE IBUPROFEN INFANTS,195033,"retail phrase: ""infants"""
equaline-ibuprofen-childrens,EQUALINE IBUPROFEN CHILDRENS,195031,"retail phrase: ""childrens"""
up-and-up-dye-free-infants-concentrated-ibuprofen,UP AND UP DYE FREE INFANTS CONCENTRATED IBUPROFEN,195031,"retail phrase: ""infants"" | long name: 8 words"
infants-dye-free-ibuprofen,INFANTS DYE FREE IBUPROFEN,195031,"retail phrase: ""infants"""
care-one-ibuprofen-childrens,CARE ONE IBUPROFEN CHILDRENS,195031,"retail phrase: ""childrens"""
childrens-ibuprofen-100-dye-free,CHILDRENS IBUPROFEN 100 DYE FREE,195031,"retail phrase: ""childrens"" | long name: 5 words"
childrens-ibuprofen-100,CHILDRENS IBUPROFEN 100,195031,"retail phrase: ""childrens"" | all generic words"
childrens-ibuprofen-572,CHILDRENS IBUPROFEN 572,195031,"retail phrase: ""childrens"" | all generic words"
dye-free-pain-relief,DYE-FREE PAIN RELIEF,195030,"symptom word: ""pain"""
profen-ib-childrens,PROFEN IB CHILDRENS,195030,"retail phrase: ""childrens"""
topcare-childrens-ibuprofen,TOPCARE CHILDRENS IBUPROFEN,195030,"retail phrase: ""childrens"""
foster-and-thrive-childrens-ibuprofen-ib,FOSTER AND THRIVE CHILDRENS IBUPROFEN IB,195030,"retail phrase: ""childrens"" | long name: 6 words"
cabinet-pain-reliever-and-fever-reducer,CABINET PAIN RELIEVER AND FEVER REDUCER,195030,"symptom word: ""pain"" | long name: 6 words"
good-sense-infants-ibuprofen,GOOD SENSE INFANTS IBUPROFEN,195030,"retail phrase: ""infants"""
ibuprofen-lil-drug-store-50ct,"IBUPROFEN, LIL DRUG STORE, 50CT",195030,long name: 5 words
ibuprofen-pain-relieverfever-reducer,IBUPROFEN PAIN RELIEVER/FEVER REDUCER,195030,"symptom word: ""pain"" | long name: 5 words"
up-and-up-childrens-ibuprofen,UP AND UP CHILDRENS IBUPROFEN,195030,"retail phrase: ""childrens"" | long name: 5 words"
green-guard-ibuprofen-relief,GREEN GUARD IBUPROFEN RELIEF,195030,"symptom word: ""relief"""
signature-care-childrens-ibuprofen,SIGNATURE CARE CHILDRENS IBUPROFEN,195030,"retail phrase: ""childrens"""
ibuprofen-lil-drug-store-24ct,"IBUPROFEN, LIL DRUG STORE, 24CT",195030,long name: 5 words
good-sense-childrens-ibuprofen,GOOD SENSE CHILDRENS IBUPROFEN,195030,"retail phrase: ""childrens"""
parents-choice-infants-ibuprofen,PARENTS CHOICE INFANTS IBUPROFEN,195030,"retail phrase: ""infants"""
careone-childrens-ibuprofen,CAREONE CHILDRENS IBUPROFEN,195030,"retail phrase: ""childrens"""
ibuprofen-pain-releiver-fever-reducer,IBUPROFEN PAIN RELEIVER/ FEVER REDUCER,195030,"symptom word: ""pain"" | long name: 5 words"
dg-health-childrens-ibuprofen,DG HEALTH CHILDRENS IBUPROFEN,195030,"retail phrase: ""childrens"""
ibuprofen-mini-dye-free-advil,IBUPROFEN MINI DYE FREE ADVIL,195030,long name: 5 words
childrens-flanax-oral,CHILDRENS FLANAX ORAL,195030,"retail phrase: ""childrens"""
green-guard-ibupro-relief,GREEN GUARD IBUPRO RELIEF,195030,"symptom word: ""relief"""
good-neighbor-pharmacy-childrens-ibuprofen,GOOD NEIGHBOR PHARMACY CHILDRENS IBUPROFEN,195030,"retail phrase: ""childrens"" | long name: 5 words"
ibuprofen-immediate-release,IBUPROFEN IMMEDIATE RELEASE,195030,all generic words
equaline-childrens-ibuprofen,EQUALINE CHILDRENS IBUPROFEN,195030,"retail phrase: ""childrens"""
good-neighbor-pharmacy-ibuprofen-childrens,GOOD NEIGHBOR PHARMACY IBUPROFEN CHILDRENS,195030,"retail phrase: ""childrens"" | long name: 5 words"
ibuprofen-247-life-by-7-eleven,IBUPROFEN 24/7 LIFE BY 7-ELEVEN,195030,long name: 7 words
pediacare-childrens-ibuprofen-berry,PEDIACARE CHILDRENS IBUPROFEN BERRY,195030,"retail phrase: ""childrens"""
ibuprofen-nsaid-pain-releiver-fever-reducer,IBUPROFEN (NSAID) PAIN RELEIVER/ FEVER REDUCER,195030,"symptom word: ""pain"" | long name: 6 words"
dye-free-childrens-ibuprofen,DYE FREE CHILDRENS IBUPROFEN,195030,"retail phrase: ""childrens"""
childrens-ibuprofen-grape,CHILDRENS IBUPROFEN GRAPE,195030,"retail phrase: ""childrens"" | all generic words"
childrens-ibuprofen-fruit,CHILDRENS IBUPROFEN FRUIT,195030,"retail phrase: ""childrens"""
childrens-ibuprofen-bubblegum,CHILDRENS IBUPROFEN BUBBLEGUM,195030,"retail phrase: ""childrens"""
childrens-ibuprofen-blue-raspberry,CHILDRENS IBUPROFEN BLUE RASPBERRY,195030,"retail phrase: ""childrens"""
topcare-infants-ibuprofen,TOPCARE INFANTS IBUPROFEN,195030,"retail phrase: ""infants"""
betr-pain-relief,BETR PAIN RELIEF,195030,"symptom word: ""pain"""
profen-ib-infants,PROFEN IB INFANTS,195030,"retail phrase: ""infants"""
fast-pain-relief,FAST PAIN RELIEF,195030,"symptom word: ""pain"" | all generic words"
leader-infants-ibuprofen,LEADER INFANTS IBUPROFEN,195030,"retail phrase: ""infants"""
foster-and-thrive-infants-ibuprofen,FOSTER AND THRIVE INFANTS IBUPROFEN,195030,"retail phrase: ""infants"" | long name: 5 words"
leader-childrens-ibuprofen,LEADER CHILDRENS IBUPROFEN,195030,"retail phrase: ""childrens"""
kosher-meds-dye-free-ibuprofen,KOSHER MEDS DYE-FREE IBUPROFEN,195030,long name: 5 words
basic-care-childrens-ibuprofen,BASIC CARE CHILDRENS IBUPROFEN,195030,"retail phrase: ""childrens"""
basic-care-infants-ibuprofen,BASIC CARE INFANTS IBUPROFEN,195030,"retail phrase: ""infants"""
signature-care-infants-ibuprofen,SIGNATURE CARE INFANTS IBUPROFEN,195030,"retail phrase: ""infants"""
proactiv-md-adapalene-acne-treatment,PROACTIV MD ADAPALENE ACNE TREATMENT,179844,long name: 5 words
allergy-relief,ALLERGY RELIEF,176471,"symptom word: ""allergy"" | all generic words"
tylenol-cold-plus-head-congestion-severe,TYLENOL COLD PLUS HEAD CONGESTION SEVERE,156045,"symptom word: ""cold"" | long name: 6 words"
careone-allergy-relief,CAREONE ALLERGY RELIEF,146062,"symptom word: ""allergy"""
childrens-allergy-relief,CHILDRENS ALLERGY RELIEF,137926,"symptom word: ""allergy"" | retail phrase: ""childrens"" | all generic words"
childrens-allergy,CHILDRENS ALLERGY,136329,"symptom word: ""allergy"" | retail phrase: ""childrens"" | all generic words"
humalog-junior-kwikpen,HUMALOG JUNIOR KWIKPEN,122042,"retail word: ""junior"""
equate-allergy-relief,EQUATE ALLERGY RELIEF,120752,"symptom word: ""allergy"""
allergy,ALLERGY,108833,"symptom word: ""allergy"" | all generic words"
signature-care-acid-reducer,SIGNATURE CARE ACID REDUCER,104027,"symptom word: ""acid"""
careone-acid-reducer,CAREONE ACID REDUCER,104027,"symptom word: ""acid"""
signature-care-allergy-relief,SIGNATURE CARE ALLERGY RELIEF,103310,"symptom word: ""allergy"""
claritin-liqui-gels,CLARITIN LIQUI-GELS,100325,"form word: ""gels"""
claritin-allergy,CLARITIN ALLERGY,99660,"symptom word: ""allergy"""
voltaren-arthritis-pain,VOLTAREN ARTHRITIS PAIN,99125,"symptom word: ""arthritis"""
itch-relief,ITCH RELIEF,92773,"symptom word: ""itch"" | all generic words"
careone-childrens-allergy-relief,CAREONE CHILDRENS ALLERGY RELIEF,90379,"symptom word: ""allergy"" | retail phrase: ""childrens"""
flonase-allergy-relief,FLONASE ALLERGY RELIEF,89442,"symptom word: ""allergy"""
back-and-muscle-pain,BACK AND MUSCLE PAIN,87510,"symptom word: ""pain"""
naproxen,NAPROXEN,87510,all generic words
all-day-allergy-relief,ALL DAY ALLERGY RELIEF,84542,"symptom word: ""allergy"""
foster-and-thrive-childrens-allergy-relief,FOSTER AND THRIVE CHILDRENS ALLERGY RELIEF,83441,"symptom word: ""allergy"" | retail phrase: ""childrens"" | long name: 6 words"
paclitaxel-protein-bound-particles-albumin-bound,PACLITAXEL PROTEIN BOUND PARTICLES ALBUMIN BOUND,79286,long name: 6 words
nightime-sleep-aid,NIGHTIME SLEEP AID,79188,"symptom word: ""sleep"""
diphenhydramine,DIPHENHYDRAMINE,79188,all generic words
pepcid-ac-maximum-strength,PEPCID AC MAXIMUM STRENGTH,79163,"retail phrase: ""maximum strength"""
acid-controller,ACID CONTROLLER,78891,"symptom word: ""acid"""
heartburn-relief,HEARTBURN RELIEF,78886,"symptom word: ""heartburn"" | all generic words"
basic-care-acid-reducer,BASIC CARE ACID REDUCER,78854,"symptom word: ""acid"""
heartburn-prevention,HEARTBURN PREVENTION,78851,"symptom word: ""heartburn"""
members-mark-allergy-relief,MEMBERS MARK ALLERGY RELIEF,76855,"symptom word: ""allergy"""
up-and-up-allergy-relief,UP AND UP ALLERGY RELIEF,76854,"symptom word: ""allergy"" | long name: 5 words"
welby-childrens-allergy-relief,WELBY CHILDRENS ALLERGY RELIEF,76854,"symptom word: ""allergy"" | retail phrase: ""childrens"""
up-and-up-childrens-allergy,UP AND UP CHILDRENS ALLERGY,76854,"symptom word: ""allergy"" | retail phrase: ""childrens"" | long name: 5 words"
goodnow-allergy-relief,GOODNOW ALLERGY RELIEF,76854,"symptom word: ""allergy"""
exchange-select-allergy-relief,EXCHANGE SELECT ALLERGY RELIEF,75398,"symptom word: ""allergy"""
foster-and-thrive-allergy-relief,FOSTER AND THRIVE ALLERGY RELIEF,75398,"symptom word: ""allergy"" | long name: 5 words"
careall-allergy-relief,CAREALL ALLERGY RELIEF,75369,"symptom word: ""allergy"""
acid-reducer-original-strength,ACID REDUCER ORIGINAL STRENGTH,73777,"symptom word: ""acid"""
acid-controller-original-strength,ACID CONTROLLER ORIGINAL STRENGTH,73592,"symptom word: ""acid"""
heartburn-relief-original-strength,HEARTBURN RELIEF ORIGINAL STRENGTH,73570,"symptom word: ""heartburn"" | all generic words"
maximum-strength-pepcid-ac-icy-cool-mint,MAXIMUM STRENGTH PEPCID AC ICY COOL MINT,73568,"retail phrase: ""maximum strength"" | long name: 7 words"
kirkland-signature-acid-controller,KIRKLAND SIGNATURE ACID CONTROLLER,73554,"symptom word: ""acid"""
acid-relief,ACID RELIEF,73553,"symptom word: ""acid"" | all generic words"
signature-care-acid-controller-maximum-strength,SIGNATURE CARE ACID CONTROLLER MAXIMUM STRENGTH,73553,"symptom word: ""acid"" | retail phrase: ""maximum strength"" | long name: 6 words"
topcare-acid-reducer,TOPCARE ACID REDUCER,73552,"symptom word: ""acid"""
dg-health-acid-reducer,DG HEALTH ACID REDUCER,73552,"symptom word: ""acid"""
calmicid-ac-acid-reducer,CALMICID AC ACID REDUCER,73552,"symptom word: ""acid"""
careone-acid-relief,CAREONE ACID RELIEF,73552,"symptom word: ""acid"""
maximum-strength-acid-reducer,MAXIMUM STRENGTH ACID REDUCER,73552,"symptom word: ""acid"" | retail phrase: ""maximum strength"""
dg-health-heartburn-prevention,DG HEALTH HEARTBURN PREVENTION,73551,"symptom word: ""heartburn"""
basic-care-heartburn-prevention,BASIC CARE HEARTBURN PREVENTION,73551,"symptom word: ""heartburn"""
amazon-basic-care-acid-reducer,AMAZON BASIC CARE ACID REDUCER,73551,"symptom word: ""acid"" | long name: 5 words"
maximum-strength,MAXIMUM STRENGTH,73551,"retail phrase: ""maximum strength"" | all generic words"
members-mark-acid-pep,MEMBERS MARK ACID PEP,73551,"symptom word: ""acid"""
major-heartburn-relief-maximum-strength,MAJOR HEARTBURN RELIEF MAXIMUM STRENGTH,73551,"symptom word: ""heartburn"" | retail phrase: ""maximum strength"" | long name: 5 words"
original-strength-heartburn-prevention,ORIGINAL STRENGTH HEARTBURN PREVENTION,73551,"symptom word: ""heartburn"""
famotidine,FAMOTIDINE,73551,all generic words
leader-acid-reducer,LEADER ACID REDUCER,73551,"symptom word: ""acid"""
signature-care-acid-controller,SIGNATURE CARE ACID CONTROLLER,73551,"symptom word: ""acid"""
dg-health-heartburn-prevention-original-strength,DG HEALTH HEARTBURN PREVENTION ORIGINAL STRENGTH,73551,"symptom word: ""heartburn"" | long name: 6 words"
maximum-strength-acid-controller,MAXIMUM STRENGTH ACID CONTROLLER,73551,"symptom word: ""acid"" | retail phrase: ""maximum strength"""
good-sense-acid-reducer,GOOD SENSE ACID REDUCER,73551,"symptom word: ""acid"""
equaline-heartburn-prevention,EQUALINE HEARTBURN PREVENTION,73551,"symptom word: ""heartburn"""
topcare-allergy-relief,TOPCARE ALLERGY RELIEF,73330,"symptom word: ""allergy"""
basic-care-allergy-relief,BASIC CARE ALLERGY RELIEF,71227,"symptom word: ""allergy"""
extra-strenght-saline-mist-rite-aid,EXTRA STRENGHT SALINE MIST RITE AID,70390,long name: 6 words
dg-health-sterile-saline-mist,DG HEALTH STERILE SALINE MIST,70390,long name: 5 words
winco-foods-saline-nasal-relief,WINCO FOODS SALINE NASAL RELIEF,70390,"symptom word: ""relief"" | long name: 5 words"
sodium-chloride-ophthalmic-5-percent-hypertonicity-eye,SODIUM CHLORIDE OPHTHALMIC 5 PERCENT HYPERTONICITY EYE,70390,long name: 7 words
sterile-saline-kids-mist-sinucleanse-breathe,STERILE SALINE KIDS MIST SINUCLEANSE BREATHE,70390,long name: 6 words
sterile-saline-mist-rite-aid,STERILE SALINE MIST RITE AID,70390,long name: 5 words
walgreens-saline-mist-extra-strength,WALGREENS SALINE MIST EXTRA STRENGTH,70390,"retail phrase: ""extra strength"" | long name: 5 words"
sterile-saline-kids-mist-pediameds,STERILE SALINE KIDS MIST PEDIAMEDS,70390,long name: 5 words
wild-horse-777-moisturizing-nasal,WILD HORSE 777 MOISTURIZING NASAL,70390,long name: 5 words
sinucleanse-sterile-saline-mist-daily-care,SINUCLEANSE STERILE SALINE MIST DAILY CARE,70390,long name: 6 words
cvs-health-sterile-saline-mist-live-better,CVS HEALTH STERILE SALINE MIST LIVE BETTER,70390,long name: 7 words
cvs-health-sterile-saline-mist,CVS HEALTH STERILE SALINE MIST,70390,long name: 5 words
berkley-and-jensen-allergy-relief,BERKLEY AND JENSEN ALLERGY RELIEF,67972,"symptom word: ""allergy"" | long name: 5 words"
topcare-childrens-allergy,TOPCARE CHILDRENS ALLERGY,67972,"symptom word: ""allergy"" | retail phrase: ""childrens"""
good-sense-allergy-relief,GOOD SENSE ALLERGY RELIEF,67972,"symptom word: ""allergy"""
cetirizine-hydrochloride-hives-relief,CETIRIZINE HYDROCHLORIDE HIVES RELIEF,67105,"symptom word: ""relief"""
cetirizine,CETIRIZINE,67104,all generic words
aleve-back-and-muscle-pain,ALEVE BACK AND MUSCLE PAIN,65930,"symptom word: ""pain"" | long name: 5 words"
aleve-easy-open-arthritis-cap,ALEVE EASY OPEN ARTHRITIS CAP,65470,"symptom word: ""arthritis"" | long name: 5 words"
aleve-caplets,ALEVE CAPLETS,65400,"form word: ""caplets"""
aleve-caplets-easy-open-arthritis-cap,ALEVE CAPLETS - EASY OPEN ARTHRITIS CAP,65379,"symptom word: ""arthritis"" | form word: ""caplets"" | long name: 6 words"
aleve-headache-pain,ALEVE HEADACHE PAIN,65379,"symptom word: ""headache"""
aleve-easy-open-arthritis,ALEVE EASY OPEN ARTHRITIS,65379,"symptom word: ""arthritis"""
tums-regular-strength,TUMS REGULAR STRENGTH,61630,"retail phrase: ""regular strength"""
tums-extra-strength-smoothies,"TUMS EXTRA STRENGTH, SMOOTHIES",61575,"retail phrase: ""extra strength"""
tums-extra-strength-sugar-free,TUMS EXTRA STRENGTH SUGAR-FREE,61562,"retail phrase: ""extra strength"" | long name: 5 words"
tums-chewy-bites-vanilla-and-mint,TUMS CHEWY BITES VANILLA AND MINT,61559,long name: 6 words
tums-chewy-bites-raspberry-lemonade,TUMS CHEWY BITES RASPBERRY LEMONADE,61559,long name: 5 words
up-and-up-esomeprazole-magnesium,UP AND UP ESOMEPRAZOLE MAGNESIUM,59737,long name: 5 words
equate-childrens-allergy-relief,EQUATE CHILDRENS ALLERGY RELIEF,57784,"symptom word: ""allergy"" | retail phrase: ""childrens"""
basic-care-childrens-allergy-relief,BASIC CARE CHILDRENS ALLERGY RELIEF,56034,"symptom word: ""allergy"" | retail phrase: ""childrens"" | long name: 5 words"
leader-childrens-allergy-relief,LEADER CHILDRENS ALLERGY RELIEF,56034,"symptom word: ""allergy"" | retail phrase: ""childrens"""
children-claritin-allergy,CHILDREN CLARITIN ALLERGY,49219,"symptom word: ""allergy"""
flonase-headache-and-allergy-relief,FLONASE HEADACHE AND ALLERGY RELIEF,48761,"symptom word: ""headache"" | long name: 5 words"
welby-allergy-relief,WELBY ALLERGY RELIEF,48175,"symptom word: ""allergy"""
oxygen-compressed-usp,OXYGEN COMPRESSED U.S.P,46864,long name: 5 words
oxygen-refrigerated-liquid-usp,OXYGEN REFRIGERATED LIQUID U.S.P,46864,"form word: ""liquid"" | long name: 6 words"
oxygen-compressed-un-1072-refrigerated-un-1073,OXYGEN COMPRESSED UN 1072 REFRIGERATED UN 1073,46864,long name: 7 words
oxygen-compressed-gas,OXYGEN COMPRESSED GAS,46864,"symptom word: ""gas"""
oxygen-refrigerated-liquid,OXYGEN REFRIGERATED LIQUID,46864,"form word: ""liquid"""
ultra-strength-antacid,ULTRA STRENGTH ANTACID,46737,"symptom word: ""antacid"" | all generic words"
antacid-extra-strength,ANTACID EXTRA STRENGTH,46392,"symptom word: ""antacid"" | retail phrase: ""extra strength"" | all generic words"
antacid,ANTACID,46347,"symptom word: ""antacid"" | all generic words"
antacid-extra-strength-wintergreen,ANTACID EXTRA STRENGTH WINTERGREEN,46344,"symptom word: ""antacid"" | retail phrase: ""extra strength"""
regular-strength-antacid,REGULAR STRENGTH ANTACID,46340,"symptom word: ""antacid"" | retail phrase: ""regular strength"" | all generic words"
antacid-ultra-strength,ANTACID ULTRA STRENGTH,46340,"symptom word: ""antacid"" | all generic words"
antacid-childrens,ANTACID CHILDRENS,46340,"symptom word: ""antacid"" | retail phrase: ""childrens"" | all generic words"
good-neighbor-pharmacy-esomeprazole-magnesium,GOOD NEIGHBOR PHARMACY ESOMEPRAZOLE MAGNESIUM,46292,long name: 5 words
berkley-and-jensen-heartburn-treatment,BERKLEY AND JENSEN HEARTBURN TREATMENT,46292,"symptom word: ""heartburn"" | long name: 5 words"
extra-strength-smooth-antacid-assorted-fruit,EXTRA STRENGTH SMOOTH ANTACID ASSORTED FRUIT,46213,"symptom word: ""antacid"" | retail phrase: ""extra strength"" | long name: 6 words"
calcium-antacid,CALCIUM ANTACID,46213,"symptom word: ""antacid"" | all generic words"
allergy-relief-childrens,ALLERGY RELIEF CHILDRENS,45988,"symptom word: ""allergy"" | retail phrase: ""childrens"" | all generic words"
soothe-childrens,SOOTHE CHILDRENS,45910,"retail phrase: ""childrens"""
alka-seltzer-heartburn-reliefchews,ALKA-SELTZER HEARTBURN RELIEFCHEWS,45861,"symptom word: ""heartburn"""
cvs-extra-strength-smooth,CVS EXTRA STRENGTH SMOOTH,45849,"retail phrase: ""extra strength"""
walgreens-extra-strength-smooth-antacid,WALGREENS EXTRA STRENGTH SMOOTH ANTACID,45847,"symptom word: ""antacid"" | retail phrase: ""extra strength"" | long name: 5 words"
equate-extra-strength-antacid,EQUATE EXTRA STRENGTH ANTACID,45842,"symptom word: ""antacid"" | retail phrase: ""extra strength"""
extra-strength-antacid,EXTRA STRENGTH ANTACID,45842,"symptom word: ""antacid"" | retail phrase: ""extra strength"" | all generic words"
good-neighbor-pharmacy-antacid-extra-strength,GOOD NEIGHBOR PHARMACY ANTACID EXTRA STRENGTH,45840,"symptom word: ""antacid"" | retail phrase: ""extra strength"" | long name: 6 words"
extra-strength,EXTRA STRENGTH,45836,"retail phrase: ""extra strength"" | all generic words"
ultra-strength,ULTRA STRENGTH,45834,all generic words
alka-seltzer-heartburn-relief-peppermint,ALKA-SELTZER HEARTBURN RELIEF PEPPERMINT,45833,"symptom word: ""heartburn"" | long name: 5 words"
extra-strength-smooth-antacid,EXTRA STRENGTH SMOOTH ANTACID,45831,"symptom word: ""antacid"" | retail phrase: ""extra strength"""
extra-strength-smooth,EXTRA STRENGTH SMOOTH,45831,"retail phrase: ""extra strength"""
extra-strength-assorted-berry,EXTRA STRENGTH ASSORTED BERRY,45827,"retail phrase: ""extra strength"" | all generic words"
alka-seltzer-cool-action-extra-strength-reliefchews-mint,ALKA-SELTZER COOL ACTION EXTRA STRENGTH RELIEFCHEWS MINT,45826,"retail phrase: ""extra strength"" | long name: 8 words"
amazon-ultra-strength-antacid,AMAZON ULTRA STRENGTH ANTACID,45826,"symptom word: ""antacid"""
meijer-regular-strength-peppermint-flavor,MEIJER REGULAR STRENGTH PEPPERMINT FLAVOR,45825,"retail phrase: ""regular strength"" | long name: 5 words"
extra-strength-smooth-antacid-assorted-berries,EXTRA STRENGTH SMOOTH ANTACID ASSORTED BERRIES,45825,"symptom word: ""antacid"" | retail phrase: ""extra strength"" | long name: 6 words"
extra-strength-smooth-peppermint-antacid,EXTRA STRENGTH SMOOTH PEPPERMINT ANTACID,45825,"symptom word: ""antacid"" | retail phrase: ""extra strength"" | long name: 5 words"
fast-acting-heartburn-relief-peppermint-flavor,FAST ACTING HEARTBURN RELIEF PEPPERMINT FLAVOR,45825,"symptom word: ""heartburn"" | long name: 6 words"
exchange-select-extra-strength-antacid-assorted-berries,EXCHANGE SELECT EXTRA STRENGTH ANTACID ASSORTED BERRIES,45825,"symptom word: ""antacid"" | retail phrase: ""extra strength"" | long name: 7 words"
exchange-select-antacid-soft-chews-cherry-flavor,EXCHANGE SELECT ANTACID SOFT CHEWS CHERRY FLAVOR,45825,"symptom word: ""antacid"" | long name: 7 words"
exchange-select-antacid-tropical-fruit,EXCHANGE SELECT ANTACID TROPICAL FRUIT,45825,"symptom word: ""antacid"" | long name: 5 words"
exchange-select-ultra-strength-antacid-assorted-fruit,EXCHANGE SELECT ULTRA STRENGTH ANTACID ASSORTED FRUIT,45825,"symptom word: ""antacid"" | long name: 7 words"
extra-strength-antacid-assorted-berries,EXTRA STRENGTH ANTACID ASSORTED BERRIES,45825,"symptom word: ""antacid"" | retail phrase: ""extra strength"" | long name: 5 words | all generic words"
extra-strength-antacid-assorted-fruit,EXTRA STRENGTH ANTACID ASSORTED FRUIT,45825,"symptom word: ""antacid"" | retail phrase: ""extra strength"" | long name: 5 words"
extra-strength-antacid-tropical-fruit,EXTRA STRENGTH ANTACID TROPICAL FRUIT,45825,"symptom word: ""antacid"" | retail phrase: ""extra strength"" | long name: 5 words"
extra-strength-assorted-fruit-antacid,EXTRA STRENGTH ASSORTED FRUIT ANTACID,45825,"symptom word: ""antacid"" | retail phrase: ""extra strength"" | long name: 5 words"
extra-strength-smooth-antacid-assorted-fruits,EXTRA STRENGTH SMOOTH ANTACID ASSORTED FRUITS,45825,"symptom word: ""antacid"" | retail phrase: ""extra strength"" | long name: 6 words"
family-wellness-antacid-relief-chews,FAMILY WELLNESS ANTACID RELIEF CHEWS,45825,"symptom word: ""antacid"" | long name: 5 words"
family-wellness-extra-strength-smooth-antacid-173bf,FAMILY WELLNESS EXTRA STRENGTH SMOOTH ANTACID 173BF,45825,"symptom word: ""antacid"" | retail phrase: ""extra strength"" | long name: 7 words"
family-wellness-ultra-stregth-antacid-171ab,FAMILY WELLNESS ULTRA STREGTH ANTACID 171AB,45825,"symptom word: ""antacid"" | long name: 6 words"
antacid-soft-chew,ANTACID SOFT CHEW,45825,"symptom word: ""antacid"""
medi-first-plus-antacid,MEDI-FIRST PLUS ANTACID,45825,"symptom word: ""antacid"""
fevia-acid-control,FEVIA ACID CONTROL,45825,"symptom word: ""acid"""
meijer-extra-strength-smooth-antacid-assorted-fruits,MEIJER EXTRA STRENGTH SMOOTH ANTACID ASSORTED FRUITS,45825,"symptom word: ""antacid"" | retail phrase: ""extra strength"" | long name: 7 words"
dg-health-ultra-strength-assorted-berry-antacid,DG HEALTH ULTRA STRENGTH ASSORTED BERRY ANTACID,45825,"symptom word: ""antacid"" | long name: 7 words"
bella-v-antacid-extra-strength-berries-flavor,BELLA V ANTACID EXTRA STRENGTH BERRIES FLAVOR,45825,"symptom word: ""antacid"" | retail phrase: ""extra strength"" | long name: 7 words"
medi-first-antacid,MEDI-FIRST ANTACID,45825,"symptom word: ""antacid"""
antacid-relief,ANTACID RELIEF,45825,"symptom word: ""antacid"" | all generic words"
marc-glassman-extra-strength,MARC GLASSMAN EXTRA STRENGTH,45825,"retail phrase: ""extra strength"""
antacid-extra-strength-assorted-berry,ANTACID EXTRA STRENGTH ASSORTED BERRY,45825,"symptom word: ""antacid"" | retail phrase: ""extra strength"" | long name: 5 words | all generic words"
cvs-mixed-berry-antacid-hbg-28ct,CVS MIXED BERRY ANTACID HBG 28CT,45825,"symptom word: ""antacid"" | long name: 6 words"
cvs-mixed-berry-antacid-hbg-54ct,CVS MIXED BERRY ANTACID HBG 54CT,45825,"symptom word: ""antacid"" | long name: 6 words"
antacid-fruit-chews,ANTACID FRUIT CHEWS,45825,"symptom word: ""antacid"""
cvs-pharmacy-assorted-berry-antacid,CVS PHARMACY ASSORTED BERRY ANTACID,45825,"symptom word: ""antacid"" | long name: 5 words"
extra-strength-antacid-smooth-dissolve-assorted-fruit,EXTRA STRENGTH ANTACID SMOOTH DISSOLVE ASSORTED FRUIT,45825,"symptom word: ""antacid"" | retail phrase: ""extra strength"" | long name: 7 words"
cvs-pharmacy-assorted-fruit-antacid,CVS PHARMACY ASSORTED FRUIT ANTACID,45825,"symptom word: ""antacid"" | long name: 5 words"
antacid-flavor-chews,ANTACID FLAVOR CHEWS,45825,"symptom word: ""antacid"""
mckesson-antacid-calcium-carbonate,MCKESSON ANTACID CALCIUM CARBONATE,45825,"symptom word: ""antacid"""
alka-seltzer-ultra-strength-heartburn-reliefchews,ALKA-SELTZER ULTRA STRENGTH HEARTBURN RELIEFCHEWS,45825,"symptom word: ""heartburn"" | long name: 6 words"
best-choice-extra-strength-assorted-berry,BEST CHOICE EXTRA STRENGTH ASSORTED BERRY,45825,"retail phrase: ""extra strength"" | long name: 6 words"
antacid-flavor-chew,ANTACID FLAVOR CHEW,45825,"symptom word: ""antacid"""
alka-seltzer-extra-strength-heartburn-reliefchews,ALKA-SELTZER EXTRA STRENGTH HEARTBURN RELIEFCHEWS,45825,"symptom word: ""heartburn"" | retail phrase: ""extra strength"" | long name: 6 words"
best-choice-extra-strength-tropical-fruit,BEST CHOICE EXTRA STRENGTH TROPICAL FRUIT,45825,"retail phrase: ""extra strength"" | long name: 6 words"
cvs-wild-berry-antacid-chews,CVS WILD BERRY ANTACID CHEWS,45825,"symptom word: ""antacid"" | long name: 5 words"
best-choice-regular-strength,BEST CHOICE REGULAR STRENGTH,45825,"retail phrase: ""regular strength"""
foster-and-thrive-extra-strength-sugar-free-antacid-orange,FOSTER AND THRIVE EXTRA STRENGTH SUGAR FREE ANTACID ORANGE,45825,"symptom word: ""antacid"" | retail phrase: ""extra strength"" | long name: 9 words"
meijer-antacid-extra-strength-assorted-berry,MEIJER ANTACID EXTRA STRENGTH ASSORTED BERRY,45825,"symptom word: ""antacid"" | retail phrase: ""extra strength"" | long name: 6 words"
meijer-extra-strength-tropical-fruit,MEIJER EXTRA STRENGTH TROPICAL FRUIT,45825,"retail phrase: ""extra strength"" | long name: 5 words"
extra-strength-sugar-free-antacid,EXTRA STRENGTH SUGAR FREE ANTACID,45825,"symptom word: ""antacid"" | retail phrase: ""extra strength"" | long name: 5 words"
extra-strength-smooth-assorted-fruit-antacid,EXTRA STRENGTH SMOOTH ASSORTED FRUIT ANTACID,45825,"symptom word: ""antacid"" | retail phrase: ""extra strength"" | long name: 6 words"
foster-and-thrive-regular-strength-antacid,FOSTER AND THRIVE REGULAR STRENGTH ANTACID,45825,"symptom word: ""antacid"" | retail phrase: ""regular strength"" | long name: 6 words"
foster-and-thrive-regular-strength-antacid-peppermint,FOSTER AND THRIVE REGULAR STRENGTH ANTACID PEPPERMINT,45825,"symptom word: ""antacid"" | retail phrase: ""regular strength"" | long name: 7 words"
fw-extra-strength-af-smooth-antacid,FW EXTRA STRENGTH AF SMOOTH ANTACID,45825,"symptom word: ""antacid"" | retail phrase: ""extra strength"" | long name: 6 words"
alka-seltzer-heartburn-reliefchews-strawberry-and-orange,ALKA-SELTZER HEARTBURN RELIEFCHEWS STRAWBERRY AND ORANGE,45825,"symptom word: ""heartburn"" | long name: 7 words"
gdc-extra-strength-alkums-antacid-127af,GDC EXTRA STRENGTH ALKUMS ANTACID 127AF,45825,"symptom word: ""antacid"" | retail phrase: ""extra strength"" | long name: 6 words"
genexa-antacid-maximum-strength,GENEXA ANTACID MAXIMUM STRENGTH,45825,"symptom word: ""antacid"" | retail phrase: ""maximum strength"""
extra-strength-natural-antacid,EXTRA STRENGTH NATURAL ANTACID,45825,"symptom word: ""antacid"" | retail phrase: ""extra strength"" | all generic words"
good-neighbor-extra-strength-assorted-fruits,GOOD NEIGHBOR EXTRA STRENGTH ASSORTED FRUITS,45825,"retail phrase: ""extra strength"" | long name: 6 words"
extra-strength-assorted-berry-antacid,EXTRA STRENGTH ASSORTED BERRY ANTACID,45825,"symptom word: ""antacid"" | retail phrase: ""extra strength"" | long name: 5 words | all generic words"
bestmade-natural-products-calcium-carbonate-calc-carb,BESTMADE NATURAL PRODUCTS CALCIUM CARBONATE (CALC CARB),45825,long name: 7 words
goodsense-regular-strength-antacid-peppermint,GOODSENSE REGULAR STRENGTH ANTACID PEPPERMINT,45825,"symptom word: ""antacid"" | retail phrase: ""regular strength"" | long name: 5 words"
goodsense-ultra-strength-antacid-peppermint,GOODSENSE ULTRA STRENGTH ANTACID PEPPERMINT,45825,"symptom word: ""antacid"" | long name: 5 words"
bi-mart-extra-strength-antacid-assorted-berry,BI-MART EXTRA STRENGTH ANTACID ASSORTED BERRY,45825,"symptom word: ""antacid"" | retail phrase: ""extra strength"" | long name: 7 words"
guardian-ultra-strength-antacid-assorted-fruit,GUARDIAN ULTRA STRENGTH ANTACID ASSORTED FRUIT,45825,"symptom word: ""antacid"" | long name: 6 words"
bi-mart-extra-strength-antacid-assorted-fruit,BI-MART EXTRA STRENGTH ANTACID ASSORTED FRUIT,45825,"symptom word: ""antacid"" | retail phrase: ""extra strength"" | long name: 7 words"
bi-mart-regular-strength-antacid,BI-MART REGULAR STRENGTH ANTACID,45825,"symptom word: ""antacid"" | retail phrase: ""regular strength"" | long name: 5 words"
bi-mart-regular-strength-antacid-peppermint,BI-MART REGULAR STRENGTH ANTACID PEPPERMINT,45825,"symptom word: ""antacid"" | retail phrase: ""regular strength"" | long name: 6 words"
heb-antacid-calcium-assorted-berry,HEB ANTACID CALCIUM ASSORTED BERRY,45825,"symptom word: ""antacid"" | long name: 5 words"
heb-extra-stregth-antacid,HEB EXTRA STREGTH ANTACID,45825,"symptom word: ""antacid"""
heb-regular-strength-assorted-fruit,HEB REGULAR STRENGTH ASSORTED FRUIT,45825,"retail phrase: ""regular strength"" | long name: 5 words"
heb-wild-berry-antacid-chews,HEB WILD BERRY ANTACID CHEWS,45825,"symptom word: ""antacid"" | long name: 5 words"
citrus-flavored-antacid,CITRUS FLAVORED ANTACID,45825,"symptom word: ""antacid"""
bi-mart-ultra-strength-antacid-assorted-fruit,BI-MART ULTRA STRENGTH ANTACID ASSORTED FRUIT,45825,"symptom word: ""antacid"" | long name: 7 words"
extra-strength-antacid-smooth-dissolving-assorted-fruit,EXTRA STRENGTH ANTACID SMOOTH DISSOLVING - ASSORTED FRUIT,45825,"symptom word: ""antacid"" | retail phrase: ""extra strength"" | long name: 7 words"
bi-mart-ultra-strength-antacid-peppermint,BI-MART ULTRA STRENGTH ANTACID PEPPERMINT,45825,"symptom word: ""antacid"" | long name: 6 words"
bm-calcium-carbonate-calc-carb,BM CALCIUM CARBONATE (CALC CARB),45825,long name: 5 words
equaline-extra-strength-assorted-berry-antacid,EQUALINE EXTRA STRENGTH ASSORTED BERRY ANTACID,45825,"symptom word: ""antacid"" | retail phrase: ""extra strength"" | long name: 6 words"
equqline-regular-strength-antacid,EQUQLINE REGULAR STRENGTH ANTACID,45825,"symptom word: ""antacid"" | retail phrase: ""regular strength"""
equqline-extra-strength-antacid-assorted-fruit,EQUQLINE EXTRA STRENGTH ANTACID ASSORTED FRUIT,45825,"symptom word: ""antacid"" | retail phrase: ""extra strength"" | long name: 6 words"
leader-ultra-strength-antacid,LEADER ULTRA STRENGTH ANTACID,45825,"symptom word: ""antacid"""
equate-wild-berry-antacid-chews,EQUATE WILD BERRY ANTACID CHEWS,45825,"symptom word: ""antacid"" | long name: 5 words"
equate-ultra-stregth-antacid,EQUATE ULTRA STREGTH ANTACID,45825,"symptom word: ""antacid"""
leader-extra-strength-antacid,LEADER EXTRA STRENGTH ANTACID,45825,"symptom word: ""antacid"" | retail phrase: ""extra strength"""
goodsense-extra-strength-antacid,GOODSENSE EXTRA STRENGTH ANTACID,45825,"symptom word: ""antacid"" | retail phrase: ""extra strength"""
goodsense-ultra-strength-antacid,GOODSENSE ULTRA STRENGTH ANTACID,45825,"symptom word: ""antacid"""
dg-health-extra-strength-assorted-fruits-antacid,DG HEALTH EXTRA STRENGTH ASSORTED FRUITS ANTACID,45825,"symptom word: ""antacid"" | retail phrase: ""extra strength"" | long name: 7 words"
guardian-regular-strength-alkums,GUARDIAN REGULAR STRENGTH ALKUMS,45825,"retail phrase: ""regular strength"""
calcium-antacidextra-strength-extra-strength,CALCIUM ANTACIDEXTRA STRENGTH EXTRA STRENGTH,45825,"retail phrase: ""extra strength"" | long name: 5 words"
kroger-wild-berry-antacid-chews,KROGER WILD BERRY ANTACID CHEWS,45825,"symptom word: ""antacid"" | long name: 5 words"
kroger-extra-strength-assorted-fruit,KROGER EXTRA STRENGTH ASSORTED FRUIT,45825,"retail phrase: ""extra strength"" | long name: 5 words"
calcium-carbonate-chewable-antacid,CALCIUM CARBONATE CHEWABLE ANTACID,45825,"symptom word: ""antacid"" | form word: ""chewable"""
heb-extra-strength-sugar-free-antacid-174,HEB EXTRA STRENGTH SUGAR FREE ANTACID 174,45825,"symptom word: ""antacid"" | retail phrase: ""extra strength"" | long name: 7 words"
heb-ultra-strength-assorted-fruits,HEB ULTRA STRENGTH ASSORTED FRUITS,45825,long name: 5 words
meijer-extra-strength-assorted-fruit,MEIJER EXTRA STRENGTH ASSORTED FRUIT,45825,"retail phrase: ""extra strength"" | long name: 5 words"
kids-tummy-relief,KIDS TUMMY RELIEF,45825,"symptom word: ""relief"""
assorted-fruit-antacid-flavor-chews,ASSORTED FRUIT ANTACID FLAVOR CHEWS,45825,"symptom word: ""antacid"" | long name: 5 words"
meijer-wild-berry-antacid-chews,MEIJER WILD BERRY ANTACID CHEWS,45825,"symptom word: ""antacid"" | long name: 5 words"
medique-ban-acid-maximum-strength-750,MEDIQUE BAN-ACID MAXIMUM STRENGTH 750,45825,"symptom word: ""acid"" | retail phrase: ""maximum strength"" | long name: 6 words"
meijer-extra-strength-antacid-assorted-berries,MEIJER EXTRA STRENGTH ANTACID ASSORTED BERRIES,45825,"symptom word: ""antacid"" | retail phrase: ""extra strength"" | long name: 6 words"
nova-antacid,NOVA ANTACID,45825,"symptom word: ""antacid"""
mint-antacid-100,MINT ANTACID 100,45825,"symptom word: ""antacid"" | all generic words"
kroger-extra-strength-sugar-free,KROGER EXTRA STRENGTH SUGAR FREE,45825,"retail phrase: ""extra strength"" | long name: 5 words"
good-neighbor-pharmacy-antacid-regular-strength,GOOD NEIGHBOR PHARMACY ANTACID REGULAR STRENGTH,45825,"symptom word: ""antacid"" | retail phrase: ""regular strength"" | long name: 6 words"
mixed-berry-antacid-and-anti-gas-chews,MIXED BERRY ANTACID AND ANTI-GAS CHEWS,45825,"symptom word: ""antacid"" | long name: 7 words"
dg-health-regular-strength-antacid,DG HEALTH REGULAR STRENGTH ANTACID,45825,"symptom word: ""antacid"" | retail phrase: ""regular strength"" | long name: 5 words"
goodsense-extra-strength-antacid-assorted-fruit,GOODSENSE EXTRA STRENGTH ANTACID ASSORTED FRUIT,45825,"symptom word: ""antacid"" | retail phrase: ""extra strength"" | long name: 6 words"
goodsense-ultra-strength-antacid-assorted-fruit,GOODSENSE ULTRA STRENGTH ANTACID ASSORTED FRUIT,45825,"symptom word: ""antacid"" | long name: 6 words"
guardian-extra-strength-antacid,GUARDIAN EXTRA STRENGTH ANTACID,45825,"symptom word: ""antacid"" | retail phrase: ""extra strength"""
kroger-ultra-strength-assorted-fruit,KROGER ULTRA STRENGTH ASSORTED FRUIT,45825,long name: 5 words
kroger-extra-strength-smooth-antacid-assorted-berry,KROGER EXTRA STRENGTH SMOOTH ANTACID ASSORTED BERRY,45825,"symptom word: ""antacid"" | retail phrase: ""extra strength"" | long name: 7 words"
kroger-cherry-antacid-soft-chew,KROGER CHERRY ANTACID SOFT CHEW,45825,"symptom word: ""antacid"" | long name: 5 words"
mint-antacid-250,MINT ANTACID 250,45825,"symptom word: ""antacid"" | all generic words"
kirkland-ultra-stregth-antacid-171ab,KIRKLAND ULTRA STREGTH ANTACID 171AB,45825,"symptom word: ""antacid"" | long name: 5 words"
heb-antacid-extra-strength-assorted-berry,HEB ANTACID EXTRA STRENGTH ASSORTED BERRY,45825,"symptom word: ""antacid"" | retail phrase: ""extra strength"" | long name: 6 words"
heb-extra-strength-smooth-antacid-peppermint,HEB EXTRA STRENGTH SMOOTH ANTACID PEPPERMINT,45825,"symptom word: ""antacid"" | retail phrase: ""extra strength"" | long name: 6 words"
heb-regular-strength-peppermint-flavor,HEB REGULAR STRENGTH PEPPERMINT FLAVOR,45825,"retail phrase: ""regular strength"" | long name: 5 words"
dg-health-extra-strength-antacid,DG HEALTH EXTRA STRENGTH ANTACID,45825,"symptom word: ""antacid"" | retail phrase: ""extra strength"" | long name: 5 words"
kids-antacid,KIDS ANTACID,45825,"symptom word: ""antacid"""
mgc-health-calcium-carbonate-antacid-assorted-fruits,MGC HEALTH CALCIUM CARBONATE ANTACID ASSORTED FRUITS,45825,"symptom word: ""antacid"" | long name: 7 words"
calcium-carbonate-antacid-assorted-berries,CALCIUM CARBONATE ANTACID ASSORTED BERRIES,45825,"symptom word: ""antacid"" | long name: 5 words"
basic-care-berry-antacid-hbg,BASIC CARE BERRY ANTACID HBG,45825,"symptom word: ""antacid"" | long name: 5 words"
meijer-ultra-strength-antacid-assorted-fruit,MEIJER ULTRA STRENGTH ANTACID ASSORTED FRUIT,45825,"symptom word: ""antacid"" | long name: 6 words"
good-sense-antacid-soft-chew,GOOD SENSE ANTACID SOFT CHEW,45825,"symptom word: ""antacid"" | long name: 5 words"
alka-seltzer-cool-action-heartburn-relief-mint,ALKA-SELTZER COOL ACTION HEARTBURN RELIEF MINT,45825,"symptom word: ""heartburn"" | long name: 7 words"
childrens-antacid-extra-strength,CHILDRENS ANTACID EXTRA STRENGTH,45825,"symptom word: ""antacid"" | retail phrase: ""extra strength"" | all generic words"
childrens-antacid,CHILDRENS ANTACID,45825,"symptom word: ""antacid"" | retail phrase: ""childrens"" | all generic words"
goodsense-regular-strength-antacid,GOODSENSE REGULAR STRENGTH ANTACID,45825,"symptom word: ""antacid"" | retail phrase: ""regular strength"""
meijer-regular-strength-assorted-fruit,MEIJER REGULAR STRENGTH ASSORTED FRUIT,45825,"retail phrase: ""regular strength"" | long name: 5 words"
meijer-berry-lime-antacid-hbg-chews,MEIJER BERRY LIME ANTACID HBG CHEWS,45825,"symptom word: ""antacid"" | long name: 6 words"
guardian-extra-strength-smooth-alkum-antacid-173bf,GUARDIAN EXTRA STRENGTH SMOOTH ALKUM ANTACID 173BF,45825,"symptom word: ""antacid"" | retail phrase: ""extra strength"" | long name: 7 words"
meijer-extra-strength-antacid,MEIJER EXTRA STRENGTH ANTACID,45825,"symptom word: ""antacid"" | retail phrase: ""extra strength"""
heartburn-and-gas-fruit-chews,HEARTBURN AND GAS FRUIT CHEWS,45825,"symptom word: ""heartburn"" | long name: 5 words"
heb-extra-strength-smooth-antacid-assorted-fruits,HEB EXTRA STRENGTH SMOOTH ANTACID ASSORTED FRUITS,45825,"symptom word: ""antacid"" | retail phrase: ""extra strength"" | long name: 7 words"
heb-extra-strength-tropical-fruit,HEB EXTRA STRENGTH TROPICAL FRUIT,45825,"retail phrase: ""extra strength"" | long name: 5 words"
heb-wild-berry-antacid-chews-60ct,HEB WILD BERRY ANTACID CHEWS 60CT,45825,"symptom word: ""antacid"" | long name: 6 words"
kroger-ultra-strength-assorted-berry,KROGER ULTRA STRENGTH ASSORTED BERRY,45825,long name: 5 words
kroger-extra-strength-assorted-berry,KROGER EXTRA STRENGTH ASSORTED BERRY,45825,"retail phrase: ""extra strength"" | long name: 5 words"
cherry-antacid-soft-chews,CHERRY ANTACID SOFT CHEWS,45825,"symptom word: ""antacid"""
cherry-antacid-soft-chew,CHERRY ANTACID SOFT CHEW,45825,"symptom word: ""antacid"""
cherry-antacid-relief-chew,CHERRY ANTACID RELIEF CHEW,45825,"symptom word: ""antacid"""
kosher-meds-antacid,KOSHER MEDS ANTACID,45825,"symptom word: ""antacid"""
basic-care-antacid-fruit-chews,BASIC CARE ANTACID FRUIT CHEWS,45825,"symptom word: ""antacid"" | long name: 5 words"
cardinal-extra-strength-smooth-antacid-assorted-fruits,CARDINAL EXTRA STRENGTH SMOOTH ANTACID ASSORTED FRUITS,45825,"symptom word: ""antacid"" | retail phrase: ""extra strength"" | long name: 7 words"
cardinalextra-strength-antacid-wintergreen-flavor,CARDINALEXTRA STRENGTH ANTACID WINTERGREEN FLAVOR,45825,"symptom word: ""antacid"" | retail phrase: ""extra strength"" | long name: 5 words"
dg-health-extra-strength-antacid-wintergreen-flavor,DG HEALTH EXTRA STRENGTH ANTACID WINTERGREEN FLAVOR,45825,"symptom word: ""antacid"" | retail phrase: ""extra strength"" | long name: 7 words"
hyvee-ultra-strength-antacid-soft-chews-cherry,HYVEE ULTRA STRENGTH ANTACID SOFT CHEWS CHERRY,45825,"symptom word: ""antacid"" | long name: 7 words"
meijer-extra-strength-wintergreen-flavor,MEIJER EXTRA STRENGTH WINTERGREEN FLAVOR,45825,"retail phrase: ""extra strength"" | long name: 5 words"
mgc-health-calcium-carbonate-antacid-assorted-berries,MGC HEALTH CALCIUM CARBONATE ANTACID ASSORTED BERRIES,45825,"symptom word: ""antacid"" | long name: 7 words"
dg-health-ultra-strength-assorted-fruit-antacid,DG HEALTH ULTRA STRENGTH ASSORTED FRUIT ANTACID,45825,"symptom word: ""antacid"" | long name: 7 words"
mgc-health-calcium-carbonate-antacid-tropical-fruit,MGC HEALTH CALCIUM CARBONATE ANTACID TROPICAL FRUIT,45825,"symptom word: ""antacid"" | long name: 7 words"
mgc-health-antacid-soft-chews-cherry-flavor,MGC HEALTH ANTACID SOFT CHEWS CHERRY FLAVOR,45825,"symptom word: ""antacid"" | long name: 7 words"
careone-extra-strength-assorted-fruits,CAREONE EXTRA STRENGTH ASSORTED FRUITS,45825,"retail phrase: ""extra strength"" | long name: 5 words"
careone-regular-strength-calcium-antacid,CAREONE REGULAR STRENGTH CALCIUM ANTACID,45825,"symptom word: ""antacid"" | retail phrase: ""regular strength"" | long name: 5 words"
childrens-tummy-relief,CHILDRENS TUMMY RELIEF,45825,"symptom word: ""relief"" | retail phrase: ""childrens"""
childrens-stomach-relief-antacid,CHILDRENS STOMACH RELIEF ANTACID,45825,"symptom word: ""relief"" | retail phrase: ""childrens"""
childrens-stomach-relief,CHILDRENS STOMACH RELIEF,45825,"symptom word: ""relief"" | retail phrase: ""childrens"""
alkums-antacid,ALKUMS ANTACID,45825,"symptom word: ""antacid"""
amazon-basics-cherry-antacid-sc,AMAZON BASICS CHERRY ANTACID SC,45825,"symptom word: ""antacid"" | long name: 5 words"
equaline-regular-strength-antacid-peppermint,EQUALINE REGULAR STRENGTH ANTACID PEPPERMINT,45825,"symptom word: ""antacid"" | retail phrase: ""regular strength"" | long name: 5 words"
assorted-fruit-antacid-chews,ASSORTED FRUIT ANTACID CHEWS,45825,"symptom word: ""antacid"""
cherry-antacid,CHERRY ANTACID,45825,"symptom word: ""antacid"" | all generic words"
equ-ultra-strength-antacid-assorted-fruit-171af,EQU ULTRA STRENGTH ANTACID ASSORTED FRUIT 171AF,45825,"symptom word: ""antacid"" | long name: 7 words"
mens-rogaine-extra-strength-unscented,MENS ROGAINE EXTRA STRENGTH UNSCENTED,32598,"retail phrase: ""extra strength"" | long name: 5 words"
minoxidil-extra-strength-for-men,MINOXIDIL EXTRA STRENGTH FOR MEN,32263,"retail phrase: ""extra strength"" | long name: 5 words"
hair-regrowth-treatment-extra-strength-for-men,HAIR REGROWTH TREATMENT EXTRA STRENGTH FOR MEN,32258,"retail phrase: ""extra strength"" | long name: 7 words"
hair-regrowth-treatment-for-men,HAIR REGROWTH TREATMENT FOR MEN,32255,long name: 5 words
womens-minoxidil-hair-growth-system,WOMENS MINOXIDIL HAIR GROWTH SYSTEM,32254,long name: 5 words
minoxidil-5-percent-for-women,MINOXIDIL 5 PERCENT (FOR WOMEN),32254,long name: 5 words
good-sense-hair-regrowth-treatment,GOOD SENSE HAIR REGROWTH TREATMENT,32254,long name: 5 words
growell-womens-hair-regrowth-treatment-2-minoxidil,GROWELL WOMENS HAIR REGROWTH TREATMENT 2 MINOXIDIL,32253,long name: 7 words
hair-regen-hair-growth-treatment,HAIR REGEN HAIR GROWTH TREATMENT,32253,long name: 5 words
opusmeds-extra-strength-minoxidil,OPUSMEDS EXTRA STRENGTH MINOXIDIL,32253,"retail phrase: ""extra strength"""
happy-head-mens-extra-strength-minoxidil,HAPPY HEAD MENS EXTRA STRENGTH MINOXIDIL,32253,"retail phrase: ""extra strength"" | long name: 6 words"
stafenit-hair-regrowth-treatment-topical-minoxidil,STAFENIT HAIR REGROWTH TREATMENT TOPICAL MINOXIDIL,32253,long name: 6 words
up-and-up-hair-regrowth-treatment-for-men,UP AND UP HAIR REGROWTH TREATMENT FOR MEN,32253,long name: 8 words
happy-head-womens-hair-regrowth-treatment,HAPPY HEAD WOMENS HAIR REGROWTH TREATMENT,32253,long name: 6 words
tomum-hair-growth-treatment-for-men-minoxidil-unscented,TOMUM HAIR GROWTH TREATMENT FOR MEN MINOXIDIL UNSCENTED,32253,long name: 8 words
mens-extra-strength-minoxidil-hair-growth-treatment,MENS EXTRA STRENGTH MINOXIDIL HAIR GROWTH TREATMENT,32253,"retail phrase: ""extra strength"" | long name: 7 words"
elevate-hair-regrowth-treatment-5,ELEVATE HAIR REGROWTH TREATMENT 5,32253,long name: 5 words
members-mark-hair-regrowth-treatment,MEMBERS MARK HAIR REGROWTH TREATMENT,32253,long name: 5 words
regenivade-hair-growth-foam,REGENIVADE HAIR GROWTH FOAM,32253,"form word: ""foam"""
probliva-mens-extra-strength-minoxidil,PROBLIVA MENS EXTRA STRENGTH MINOXIDIL,32253,"retail phrase: ""extra strength"" | long name: 5 words"
womens-minogrow-hair-regrowth-treatment-minoxidil,WOMENS MINOGROW HAIR REGROWTH TREATMENT MINOXIDIL,32253,long name: 6 words
dr-bosley-minoxidil-for-men-hair-regrowth-treatment,DR. BOSLEY MINOXIDIL (FOR MEN) HAIR REGROWTH TREATMENT,32253,long name: 8 words
signature-care-hair-regrowth-treatment,SIGNATURE CARE HAIR REGROWTH TREATMENT,32253,long name: 5 words
basic-care-hair-regrowth-treatment,BASIC CARE HAIR REGROWTH TREATMENT,32253,long name: 5 words
intelligent-mens-minoxidil-extra-strength-5-minoxidil,INTELLIGENT MENS MINOXIDIL EXTRA STRENGTH 5 MINOXIDIL,32253,"retail phrase: ""extra strength"" | long name: 7 words"
growell-mens-hair-regrowth-treatment-5-minoxidil,GROWELL MENS HAIR REGROWTH TREATMENT 5 MINOXIDIL,32253,long name: 7 words
hair-beardgrowth-foam,HAIR BEARDGROWTH FOAM,32253,"form word: ""foam"""
aromatica-hair-tratamiento-romero-con-minoxidil,AROMATICA HAIR TRATAMIENTO ROMERO CON MINOXIDIL,32253,long name: 6 words
aromatica-hair-leave-in-romero-con-minoxidil,AROMATICA HAIR LEAVE IN ROMERO CON MINOXIDIL,32253,long name: 7 words
hair-growth-foam,HAIR GROWTH FOAM,32253,"form word: ""foam"""
aromatica-hair-gota-de-brillo-romero-con-minoxidil,AROMATICA HAIR GOTA DE BRILLO ROMERO CON MINOXIDIL,32253,long name: 8 words
keranique-hair-regrowth-treatment-for-women,KERANIQUE HAIR REGROWTH TREATMENT FOR WOMEN,32253,long name: 6 words
hairfx-hair-growth-foam,HAIRFX HAIR GROWTH FOAM,32253,"form word: ""foam"""
esalon-hair-regrowth-treatment-womens-minoxidil,ESALON HAIR REGROWTH TREATMENT WOMENS MINOXIDIL,32253,long name: 6 words
signature-care-hair-regrowth-treatment-for-men,SIGNATURE CARE HAIR REGROWTH TREATMENT FOR MEN,32253,long name: 7 words
fete-health-hair-regrowth-treatment-for-women,FETE HEALTH HAIR REGROWTH TREATMENT FOR WOMEN,32253,long name: 7 words
up-and-up-hair-regrowth-treatment-for-women,UP AND UP HAIR REGROWTH TREATMENT FOR WOMEN,32253,long name: 8 words
hair-growth-serum-roll-on,HAIR GROWTH SERUM ROLL-ON,32253,long name: 5 words
mens-rogaine-minoxidil-unscented-formula,MENS ROGAINE MINOXIDIL UNSCENTED FORMULA,32253,long name: 5 words
aromatica-hair-acondicionador-romero-con-minoxidil,AROMATICA HAIR ACONDICIONADOR ROMERO CON MINOXIDIL,32253,long name: 6 words
regrowthx-hair-regrowth-treatment-minoxidil,REGROWTHX HAIR REGROWTH TREATMENT MINOXIDIL,32253,long name: 5 words
mens-jivexa-extra-strength-minoxidil,MENS JIVEXA EXTRA STRENGTH MINOXIDIL,32253,"retail phrase: ""extra strength"" | long name: 5 words"
tagoqhia-minoxidil-hair-thickening-serum,TAGOQHIA MINOXIDIL HAIR THICKENING SERUM,32253,long name: 5 words
imodium-multi-symptom-relief,IMODIUM MULTI-SYMPTOM RELIEF,31487,"symptom word: ""relief"""
stye-eye-relief-serum,STYE EYE RELIEF SERUM,30796,"symptom word: ""relief"""
ascorbic-acid,ASCORBIC ACID,22825,"symptom word: ""acid"""
childrens-dye-free-allergy-relief,CHILDRENS DYE FREE ALLERGY RELIEF,16218,"symptom word: ""allergy"" | retail phrase: ""childrens"" | long name: 5 words"
abreva-rapid-pain-relief,ABREVA RAPID PAIN RELIEF,13890,"symptom word: ""pain"""
heparin-sodium-in-sodium-chloride,HEPARIN SODIUM IN SODIUM CHLORIDE,13210,long name: 5 words
calcium-gluconate-in-sodium-chloride,CALCIUM GLUCONATE IN SODIUM CHLORIDE,11778,long name: 5 words
curist-acne-relief,CURIST ACNE RELIEF,5024,"symptom word: ""relief"""